date,cash,positions_value,total_value,net_value,return,000858return,000858dividend,000333return,000333dividend
2023-01-03,1000000.0,0.0,1000000.0,1.0,0.0,0.0,0.0,0.0,0.0
2023-01-04,1000000.0,0.0,1000000.0,1.0,0.0,0.0,0.0,0.0,0.0
2023-01-05,504969.87700000004,494189.99999999994,999159.877,0.999159877,-840.1230000000214,0.0,0.0,-840.1230000000214,0.0
2023-01-06,504969.87700000004,486090.0,991059.8770000001,0.9910598770000001,-8940.122999999905,0.0,0.0,-8940.122999999963,0.0
2023-01-09,504969.87700000004,486990.0,991959.8770000001,0.9919598770000001,-8040.122999999905,0.0,0.0,-8040.122999999963,0.0
2023-01-10,504969.87700000004,481500.0,986469.8770000001,0.9864698770000001,-13530.122999999905,0.0,0.0,-13530.122999999963,0.0
2023-01-11,504969.87700000004,490500.0,995469.8770000001,0.9954698770000001,-4530.122999999905,0.0,0.0,-4530.122999999963,0.0
2023-01-12,504969.87700000004,492930.0,997899.8770000001,0.997899877,-2100.122999999905,0.0,0.0,-2100.122999999963,0.0
2023-01-13,504969.87700000004,503550.0,1008519.8770000001,1.0085198770000001,8519.877000000095,0.0,0.0,8519.877000000037,0.0
2023-01-16,504969.87700000004,519300.0,1024269.8770000001,1.024269877,24269.877000000095,0.0,0.0,24269.877000000037,0.0
2023-01-17,504969.87700000004,522000.0,1026969.8770000001,1.0269698770000002,26969.877000000095,0.0,0.0,26969.877000000037,0.0
2023-01-18,504969.87700000004,518400.0,1023369.8770000001,1.0233698770000001,23369.877000000095,0.0,0.0,23369.877000000037,0.0
2023-01-19,504969.87700000004,516420.0,1021389.8770000001,1.021389877,21389.877000000095,0.0,0.0,21389.877000000037,0.0
2023-01-20,504969.87700000004,513720.0,1018689.8770000001,1.0186898770000001,18689.877000000095,0.0,0.0,18689.877000000037,0.0
2023-01-30,504969.87700000004,500850.0,1005819.8770000001,1.0058198770000002,5819.877000000095,0.0,0.0,5819.877000000037,0.0
2023-01-31,504969.87700000004,496800.0,1001769.8770000001,1.001769877,1769.877000000095,0.0,0.0,1769.8770000000368,0.0
2023-02-01,504969.87700000004,499500.0,1004469.8770000001,1.004469877,4469.877000000095,0.0,0.0,4469.877000000037,0.0
2023-02-02,504969.87700000004,485640.0,990609.8770000001,0.9906098770000001,-9390.122999999905,0.0,0.0,-9390.122999999963,0.0
2023-02-03,504969.87700000004,479790.0,984759.8770000001,0.9847598770000001,-15240.122999999905,0.0,0.0,-15240.122999999963,0.0
2023-02-06,504969.87700000004,461250.0,966219.8770000001,0.9662198770000001,-33780.122999999905,0.0,0.0,-33780.12299999996,0.0
2023-02-07,504969.87700000004,463500.0,968469.8770000001,0.9684698770000001,-31530.122999999905,0.0,0.0,-31530.122999999963,0.0
2023-02-08,504969.87700000004,459090.0,964059.8770000001,0.9640598770000001,-35940.122999999905,0.0,0.0,-35940.12299999996,0.0
2023-02-09,504969.87700000004,463770.0,968739.8770000001,0.9687398770000001,-31260.122999999905,0.0,0.0,-31260.122999999963,0.0
2023-02-10,504969.87700000004,464580.0,969549.8770000001,0.9695498770000001,-30450.122999999905,0.0,0.0,-30450.122999999963,0.0
2023-02-13,504969.87700000004,471960.0,976929.8770000001,0.9769298770000001,-23070.122999999905,0.0,0.0,-23070.122999999963,0.0
2023-02-14,504969.87700000004,469890.0,974859.8770000001,0.9748598770000001,-25140.122999999905,0.0,0.0,-25140.122999999963,0.0
2023-02-15,504969.87700000004,462150.0,967119.8770000001,0.9671198770000001,-32880.122999999905,0.0,0.0,-32880.12299999996,0.0
2023-02-16,504969.87700000004,461520.0,966489.8770000001,0.9664898770000001,-33510.122999999905,0.0,0.0,-33510.12299999996,0.0
2023-02-17,504969.87700000004,462420.0,967389.8770000001,0.9673898770000001,-32610.122999999905,0.0,0.0,-32610.122999999963,0.0
2023-02-20,504969.87700000004,479700.0,984669.8770000001,0.9846698770000001,-15330.122999999905,0.0,0.0,-15330.122999999963,0.0
2023-02-21,504969.87700000004,481860.0,986829.8770000001,0.9868298770000001,-13170.122999999905,0.0,0.0,-13170.122999999963,0.0
2023-02-22,504969.87700000004,475020.0,979989.8770000001,0.9799898770000001,-20010.122999999905,0.0,0.0,-20010.122999999963,0.0
2023-02-23,504969.87700000004,480330.0,985299.8770000001,0.9852998770000001,-14700.122999999905,0.0,0.0,-14700.122999999963,0.0
2023-02-24,504969.87700000004,476820.0,981789.8770000001,0.9817898770000001,-18210.122999999905,0.0,0.0,-18210.122999999963,0.0
2023-02-27,504969.87700000004,471600.0,976569.8770000001,0.9765698770000001,-23430.122999999905,0.0,0.0,-23430.122999999963,0.0
2023-02-28,504969.87700000004,472140.0,977109.8770000001,0.9771098770000001,-22890.122999999905,0.0,0.0,-22890.122999999963,0.0
2023-03-01,504969.87700000004,491580.0,996549.8770000001,0.9965498770000001,-3450.122999999905,0.0,0.0,-3450.122999999963,0.0
2023-03-02,504969.87700000004,493650.0,998619.8770000001,0.9986198770000001,-1380.122999999905,0.0,0.0,-1380.1229999999632,0.0
2023-03-03,504969.87700000004,496800.0,1001769.8770000001,1.001769877,1769.877000000095,0.0,0.0,1769.8770000000368,0.0
2023-03-06,504969.87700000004,484470.0,989439.8770000001,0.9894398770000001,-10560.122999999905,0.0,0.0,-10560.122999999963,0.0
2023-03-07,504969.87700000004,475740.0,980709.8770000001,0.9807098770000001,-19290.122999999905,0.0,0.0,-19290.122999999963,0.0
2023-03-08,504969.87700000004,470610.0,975579.8770000001,0.975579877,-24420.122999999905,0.0,0.0,-24420.122999999963,0.0
2023-03-09,504969.87700000004,474300.0,979269.8770000001,0.9792698770000001,-20730.122999999905,0.0,0.0,-20730.122999999963,0.0
2023-03-10,504969.87700000004,460350.0,965319.8770000001,0.9653198770000001,-34680.122999999905,0.0,0.0,-34680.12299999996,0.0
2023-03-13,504969.87700000004,468540.0,973509.8770000001,0.9735098770000001,-26490.122999999905,0.0,0.0,-26490.122999999963,0.0
2023-03-14,504969.87700000004,460350.0,965319.8770000001,0.9653198770000001,-34680.122999999905,0.0,0.0,-34680.12299999996,0.0
2023-03-15,504969.87700000004,454140.0,959109.8770000001,0.959109877,-40890.122999999905,0.0,0.0,-40890.12299999996,0.0
2023-03-16,504969.87700000004,450360.0,955329.8770000001,0.955329877,-44670.122999999905,0.0,0.0,-44670.12299999996,0.0
2023-03-17,504969.87700000004,452970.0,957939.8770000001,0.957939877,-42060.122999999905,0.0,0.0,-42060.12299999996,0.0
2023-03-20,504969.87700000004,453960.0,958929.8770000001,0.9589298770000001,-41070.122999999905,0.0,0.0,-41070.12299999996,0.0
2023-03-21,504969.87700000004,468900.0,973869.8770000001,0.973869877,-26130.122999999905,0.0,0.0,-26130.122999999963,0.0
2023-03-22,504969.87700000004,465300.0,970269.8770000001,0.9702698770000001,-29730.122999999905,0.0,0.0,-29730.122999999963,0.0
2023-03-23,504969.87700000004,466380.0,971349.8770000001,0.9713498770000001,-28650.122999999905,0.0,0.0,-28650.122999999963,0.0
2023-03-24,504969.87700000004,468810.00000000006,973779.8770000001,0.9737798770000001,-26220.122999999905,0.0,0.0,-26220.122999999905,0.0
2023-03-27,504969.87700000004,466650.0,971619.8770000001,0.9716198770000001,-28380.122999999905,0.0,0.0,-28380.122999999963,0.0
2023-03-28,504969.87700000004,459810.00000000006,964779.8770000001,0.9647798770000001,-35220.122999999905,0.0,0.0,-35220.122999999905,0.0
2023-03-29,504969.87700000004,462600.0,967569.8770000001,0.9675698770000001,-32430.122999999905,0.0,0.0,-32430.122999999963,0.0
2023-03-30,504969.87700000004,490230.0,995199.8770000001,0.9951998770000001,-4800.122999999905,0.0,0.0,-4800.122999999963,0.0
2023-03-31,504969.87700000004,484290.0,989259.8770000001,0.9892598770000001,-10740.122999999905,0.0,0.0,-10740.122999999963,0.0
2023-04-03,504969.87700000004,492210.0,997179.8770000001,0.9971798770000001,-2820.122999999905,0.0,0.0,-2820.122999999963,0.0
2023-04-04,504969.87700000004,491670.0,996639.8770000001,0.9966398770000001,-3360.122999999905,0.0,0.0,-3360.122999999963,0.0
2023-04-06,504969.87700000004,486180.0,991149.8770000001,0.9911498770000001,-8850.122999999905,0.0,0.0,-8850.122999999963,0.0
2023-04-07,504969.87700000004,492120.0,997089.8770000001,0.9970898770000001,-2910.122999999905,0.0,0.0,-2910.122999999963,0.0
2023-04-10,504969.87700000004,492840.0,997809.8770000001,0.9978098770000001,-2190.122999999905,0.0,0.0,-2190.122999999963,0.0
2023-04-11,504969.87700000004,502560.00000000006,1007529.8770000001,1.007529877,7529.877000000095,0.0,0.0,7529.877000000095,0.0
2023-04-12,504969.87700000004,499500.0,1004469.8770000001,1.004469877,4469.877000000095,0.0,0.0,4469.877000000037,0.0
2023-04-13,504969.87700000004,487260.0,992229.8770000001,0.9922298770000001,-7770.122999999905,0.0,0.0,-7770.122999999963,0.0
2023-04-14,504969.87700000004,485460.0,990429.8770000001,0.9904298770000001,-9570.122999999905,0.0,0.0,-9570.122999999963,0.0
2023-04-17,504969.87700000004,498780.0,1003749.8770000001,1.0037498770000002,3749.877000000095,0.0,0.0,3749.877000000037,0.0
2023-04-18,504969.87700000004,511020.0,1015989.8770000001,1.015989877,15989.877000000095,0.0,0.0,15989.877000000037,0.0
2023-04-19,504969.87700000004,504720.0,1009689.8770000001,1.009689877,9689.877000000095,0.0,0.0,9689.877000000037,0.0
2023-04-20,504969.87700000004,513360.0,1018329.8770000001,1.018329877,18329.877000000095,0.0,0.0,18329.877000000037,0.0
2023-04-21,504969.87700000004,511650.0,1016619.8770000001,1.0166198770000001,16619.877000000095,0.0,0.0,16619.877000000037,0.0
2023-04-24,504969.87700000004,513270.0,1018239.8770000001,1.018239877,18239.877000000095,0.0,0.0,18239.877000000037,0.0
2023-04-25,504969.87700000004,518850.0,1023819.8770000001,1.023819877,23819.877000000095,0.0,0.0,23819.877000000037,0.0
2023-04-26,504969.87700000004,510300.0,1015269.8770000001,1.0152698770000002,15269.877000000095,0.0,0.0,15269.877000000037,0.0
2023-04-27,504969.87700000004,515340.0,1020309.8770000001,1.020309877,20309.877000000095,0.0,0.0,20309.877000000037,0.0
2023-04-28,504969.87700000004,511020.0,1015989.8770000001,1.015989877,15989.877000000095,0.0,0.0,15989.877000000037,0.0
2023-05-04,504969.87700000004,509220.0,1014189.8770000001,1.0141898770000002,14189.877000000095,0.0,0.0,14189.877000000037,0.0
2023-05-05,504969.87700000004,497970.0,1002939.8770000001,1.0029398770000002,2939.877000000095,0.0,0.0,2939.877000000037,0.0
2023-05-08,504969.87700000004,495090.0,1000059.8770000001,1.000059877,59.877000000094995,0.0,0.0,59.87700000003679,0.0
2023-05-09,504969.87700000004,493200.0,998169.8770000001,0.9981698770000001,-1830.122999999905,0.0,0.0,-1830.1229999999632,0.0
2023-05-10,504969.87700000004,498600.0,1003569.8770000001,1.003569877,3569.877000000095,0.0,0.0,3569.877000000037,0.0
2023-05-11,504969.87700000004,499050.0,1004019.8770000001,1.0040198770000002,4019.877000000095,0.0,0.0,4019.877000000037,0.0
2023-05-12,504969.87700000004,502380.0,1007349.8770000001,1.007349877,7349.877000000095,0.0,0.0,7349.877000000037,0.0
2023-05-15,504969.87700000004,509310.00000000006,1014279.8770000001,1.014279877,14279.877000000095,0.0,0.0,14279.877000000095,0.0
2023-05-16,504969.87700000004,498150.0,1003119.8770000001,1.003119877,3119.877000000095,0.0,0.0,3119.877000000037,0.0
2023-05-17,504969.87700000004,495180.0,1000149.8770000001,1.0001498770000001,149.877000000095,0.0,0.0,149.8770000000368,0.0
2023-05-18,504969.87700000004,495000.0,999969.8770000001,0.9999698770000001,-30.122999999905005,0.0,0.0,-30.122999999963213,0.0
2023-05-19,504969.87700000004,502200.0,1007169.8770000001,1.0071698770000002,7169.877000000095,0.0,0.0,7169.877000000037,0.0
2023-05-22,504969.87700000004,510390.0,1015359.8770000001,1.015359877,15359.877000000095,0.0,0.0,15359.877000000037,0.0
2023-05-23,504969.87700000004,503550.0,1008519.8770000001,1.0085198770000001,8519.877000000095,0.0,0.0,8519.877000000037,0.0
2023-05-24,504969.87700000004,482400.0,987369.8770000001,0.9873698770000001,-12630.122999999905,0.0,0.0,-12630.122999999963,0.0
2023-05-25,504969.87700000004,486090.0,991059.8770000001,0.9910598770000001,-8940.122999999905,0.0,0.0,-8940.122999999963,0.0
2023-05-26,504969.87700000004,488340.0,993309.8770000001,0.9933098770000001,-6690.122999999905,0.0,0.0,-6690.122999999963,0.0
2023-05-29,504969.87700000004,481050.0,986019.8770000001,0.986019877,-13980.122999999905,0.0,0.0,-13980.122999999963,0.0
2023-05-30,504969.87700000004,470970.0,975939.8770000001,0.9759398770000001,-24060.122999999905,0.0,0.0,-24060.122999999963,0.0
2023-05-31,504969.87700000004,461970.0,966939.8770000001,0.9669398770000001,-33060.122999999905,0.0,0.0,-33060.12299999996,0.0
2023-06-01,525219.8770000001,440010.0,965229.8770000001,0.9652298770000001,-34770.122999999905,0.0,0.0,-34770.12299999996,20250.0
2023-06-02,525219.8770000001,466200.0,991419.8770000001,0.9914198770000001,-8580.122999999905,0.0,0.0,-8580.122999999963,20250.0
2023-06-05,525219.8770000001,485460.0,1010679.8770000001,1.010679877,10679.877000000095,0.0,0.0,10679.877000000037,20250.0
2023-06-06,525219.8770000001,487890.0,1013109.8770000001,1.013109877,13109.877000000095,0.0,0.0,13109.877000000037,20250.0
2023-06-07,525219.8770000001,497250.0,1022469.8770000001,1.022469877,22469.877000000095,0.0,0.0,22469.877000000037,20250.0
2023-06-08,525219.8770000001,512010.0,1037229.8770000001,1.0372298770000001,37229.877000000095,0.0,0.0,37229.87700000004,20250.0
2023-06-09,525219.8770000001,504990.0,1030209.8770000001,1.030209877,30209.877000000095,0.0,0.0,30209.877000000037,20250.0
2023-06-12,525219.8770000001,516150.0,1041369.8770000001,1.0413698770000002,41369.877000000095,0.0,0.0,41369.87700000004,20250.0
2023-06-13,525219.8770000001,509490.0,1034709.8770000001,1.034709877,34709.877000000095,0.0,0.0,34709.87700000004,20250.0
2023-06-14,525219.8770000001,513720.0,1038939.8770000001,1.038939877,38939.877000000095,0.0,0.0,38939.87700000004,20250.0
2023-06-15,525219.8770000001,522000.0,1047219.8770000001,1.047219877,47219.877000000095,0.0,0.0,47219.87700000004,20250.0
2023-06-16,525219.8770000001,525150.0,1050369.877,1.050369877,50369.877000000095,0.0,0.0,50369.87700000004,20250.0
2023-06-19,525219.8770000001,511290.0,1036509.8770000001,1.036509877,36509.877000000095,0.0,0.0,36509.87700000004,20250.0
2023-06-20,525219.8770000001,518220.0,1043439.8770000001,1.0434398770000002,43439.877000000095,0.0,0.0,43439.87700000004,20250.0
2023-06-21,525219.8770000001,524520.0,1049739.877,1.0497398770000002,49739.877000000095,0.0,0.0,49739.87700000004,20250.0
2023-06-26,525219.8770000001,523260.0,1048479.8770000001,1.0484798770000001,48479.877000000095,0.0,0.0,48479.87700000004,20250.0
2023-06-27,525219.8770000001,537210.0,1062429.877,1.062429877,62429.877000000095,0.0,0.0,62429.87700000004,20250.0
2023-06-28,525219.8770000001,537300.0,1062519.877,1.0625198770000002,62519.877000000095,0.0,0.0,62519.87700000004,20250.0
2023-06-29,525219.8770000001,532260.0,1057479.877,1.057479877,57479.877000000095,0.0,0.0,57479.87700000004,20250.0
2023-06-30,525219.8770000001,530280.0,1055499.877,1.0554998770000001,55499.877000000095,0.0,0.0,55499.87700000004,20250.0
2023-07-03,525219.8770000001,531540.0,1056759.877,1.0567598770000002,56759.877000000095,0.0,0.0,56759.87700000004,20250.0
2023-07-04,525219.8770000001,530100.0,1055319.877,1.055319877,55319.877000000095,0.0,0.0,55319.87700000004,20250.0
2023-07-05,525219.8770000001,532080.0,1057299.877,1.0572998770000002,57299.877000000095,0.0,0.0,57299.87700000004,20250.0
2023-07-06,525219.8770000001,525330.0,1050549.877,1.0505498770000001,50549.877000000095,0.0,0.0,50549.87700000004,20250.0
2023-07-07,525219.8770000001,519750.0,1044969.8770000001,1.044969877,44969.877000000095,0.0,0.0,44969.87700000004,20250.0
2023-07-10,525219.8770000001,509670.0,1034889.8770000001,1.0348898770000001,34889.877000000095,0.0,0.0,34889.87700000004,20250.0
2023-07-11,525219.8770000001,509939.99999999994,1035159.8770000001,1.0351598770000001,35159.877000000095,0.0,0.0,35159.87699999998,20250.0
2023-07-12,525219.8770000001,513810.00000000006,1039029.8770000001,1.0390298770000002,39029.877000000095,0.0,0.0,39029.877000000095,20250.0
2023-07-13,525219.8770000001,520200.0,1045419.8770000001,1.045419877,45419.877000000095,0.0,0.0,45419.87700000004,20250.0
2023-07-14,525219.8770000001,517140.0,1042359.8770000001,1.042359877,42359.877000000095,0.0,0.0,42359.87700000004,20250.0
2023-07-17,525219.8770000001,514170.0,1039389.8770000001,1.039389877,39389.877000000095,0.0,0.0,39389.87700000004,20250.0
2023-07-18,525219.8770000001,510660.0,1035879.8770000001,1.0358798770000002,35879.877000000095,0.0,0.0,35879.87700000004,20250.0
2023-07-19,525219.8770000001,523170.0,1048389.8770000001,1.0483898770000002,48389.877000000095,0.0,0.0,48389.87700000004,20250.0
2023-07-20,525219.8770000001,517770.0,1042989.8770000001,1.0429898770000001,42989.877000000095,0.0,0.0,42989.87700000004,20250.0
2023-07-21,525219.8770000001,514170.0,1039389.8770000001,1.039389877,39389.877000000095,0.0,0.0,39389.87700000004,20250.0
2023-07-24,525219.8770000001,510930.0,1036149.8770000001,1.0361498770000002,36149.877000000095,0.0,0.0,36149.87700000004,20250.0
2023-07-25,525219.8770000001,530820.0,1056039.877,1.0560398770000001,56039.877000000095,0.0,0.0,56039.87700000004,20250.0
2023-07-26,525219.8770000001,527220.0,1052439.877,1.052439877,52439.877000000095,0.0,0.0,52439.87700000004,20250.0
2023-07-27,525219.8770000001,526320.0,1051539.877,1.0515398770000002,51539.877000000095,0.0,0.0,51539.87700000004,20250.0
2023-07-28,525219.8770000001,537660.0,1062879.877,1.062879877,62879.877000000095,0.0,0.0,62879.87700000004,20250.0
2023-07-31,525219.8770000001,533880.0,1059099.877,1.0590998770000002,59099.877000000095,0.0,0.0,59099.87700000004,20250.0
2023-08-01,525219.8770000001,524250.0,1049469.877,1.0494698770000002,49469.877000000095,0.0,0.0,49469.87700000004,20250.0
2023-08-02,525219.8770000001,524700.0,1049919.877,1.049919877,49919.877000000095,0.0,0.0,49919.87700000004,20250.0
2023-08-03,525219.8770000001,521820.0,1047039.8770000001,1.047039877,47039.877000000095,0.0,0.0,47039.87700000004,20250.0
2023-08-04,525219.8770000001,521280.0,1046499.8770000001,1.046499877,46499.877000000095,0.0,0.0,46499.87700000004,20250.0
2023-08-07,525219.8770000001,520920.0,1046139.8770000001,1.046139877,46139.877000000095,0.0,0.0,46139.87700000004,20250.0
2023-08-08,525219.8770000001,513000.0,1038219.8770000001,1.0382198770000002,38219.877000000095,0.0,0.0,38219.87700000004,20250.0
2023-08-09,525219.8770000001,518040.0,1043259.8770000001,1.0432598770000001,43259.877000000095,0.0,0.0,43259.87700000004,20250.0
2023-08-10,525219.8770000001,507150.0,1032369.8770000001,1.032369877,32369.877000000095,0.0,0.0,32369.877000000037,20250.0
2023-08-11,525219.8770000001,496620.0,1021839.8770000001,1.0218398770000001,21839.877000000095,0.0,0.0,21839.877000000037,20250.0
2023-08-14,525219.8770000001,498960.0,1024179.8770000001,1.0241798770000001,24179.877000000095,0.0,0.0,24179.877000000037,20250.0
2023-08-15,525219.8770000001,496439.99999999994,1021659.8770000001,1.021659877,21659.877000000095,0.0,0.0,21659.87699999998,20250.0
2023-08-16,525219.8770000001,497070.0,1022289.8770000001,1.0222898770000002,22289.877000000095,0.0,0.0,22289.877000000037,20250.0
2023-08-17,525219.8770000001,502560.00000000006,1027779.8770000001,1.0277798770000002,27779.877000000095,0.0,0.0,27779.877000000095,20250.0
2023-08-18,525219.8770000001,493110.0,1018329.8770000001,1.018329877,18329.877000000095,0.0,0.0,18329.877000000037,20250.0
2023-08-21,525219.8770000001,489420.0,1014639.8770000001,1.014639877,14639.877000000095,0.0,0.0,14639.877000000037,20250.0
2023-08-22,525219.8770000001,489330.0,1014549.8770000001,1.014549877,14549.877000000095,0.0,0.0,14549.877000000037,20250.0
2023-08-23,525219.8770000001,483480.0,1008699.8770000001,1.0086998770000002,8699.877000000095,0.0,0.0,8699.877000000037,20250.0
2023-08-24,525219.8770000001,495450.0,1020669.8770000001,1.020669877,20669.877000000095,0.0,0.0,20669.877000000037,20250.0
2023-08-25,525219.8770000001,497340.0,1022559.8770000001,1.0225598770000002,22559.877000000095,0.0,0.0,22559.877000000037,20250.0
2023-08-28,525219.8770000001,505439.99999999994,1030659.8770000001,1.0306598770000002,30659.877000000095,0.0,0.0,30659.87699999998,20250.0
2023-08-29,525219.8770000001,504450.0,1029669.8770000001,1.0296698770000001,29669.877000000095,0.0,0.0,29669.877000000037,20250.0
2023-08-30,525219.8770000001,511380.0,1036599.8770000001,1.036599877,36599.877000000095,0.0,0.0,36599.87700000004,20250.0
2023-08-31,525219.8770000001,508590.0,1033809.8770000001,1.0338098770000002,33809.877000000095,0.0,0.0,33809.87700000004,20250.0
2023-09-01,525219.8770000001,521370.0,1046589.8770000001,1.0465898770000002,46589.877000000095,0.0,0.0,46589.87700000004,20250.0
2023-09-04,525219.8770000001,523980.0,1049199.877,1.0491998770000002,49199.877000000095,0.0,0.0,49199.87700000004,20250.0
2023-09-05,525219.8770000001,520020.0,1045239.8770000001,1.0452398770000002,45239.877000000095,0.0,0.0,45239.87700000004,20250.0
2023-09-06,525219.8770000001,514620.0,1039839.8770000001,1.0398398770000001,39839.877000000095,0.0,0.0,39839.87700000004,20250.0
2023-09-07,525219.8770000001,509130.0,1034349.8770000001,1.0343498770000001,34349.877000000095,0.0,0.0,34349.87700000004,20250.0
2023-09-08,525219.8770000001,504720.0,1029939.8770000001,1.0299398770000001,29939.877000000095,0.0,0.0,29939.877000000037,20250.0
2023-09-11,525219.8770000001,507870.0,1033089.8770000001,1.033089877,33089.877000000095,0.0,0.0,33089.87700000004,20250.0
2023-09-12,525219.8770000001,514890.0,1040109.8770000001,1.0401098770000001,40109.877000000095,0.0,0.0,40109.87700000004,20250.0
2023-09-13,525219.8770000001,513000.0,1038219.8770000001,1.0382198770000002,38219.877000000095,0.0,0.0,38219.87700000004,20250.0
2023-09-14,525219.8770000001,508950.0,1034169.8770000001,1.034169877,34169.877000000095,0.0,0.0,34169.87700000004,20250.0
2023-09-15,525219.8770000001,502110.0,1027329.8770000001,1.0273298770000001,27329.877000000095,0.0,0.0,27329.877000000037,20250.0
2023-09-18,525219.8770000001,504900.0,1030119.8770000001,1.0301198770000002,30119.877000000095,0.0,0.0,30119.877000000037,20250.0
2023-09-19,525219.8770000001,504450.0,1029669.8770000001,1.0296698770000001,29669.877000000095,0.0,0.0,29669.877000000037,20250.0
2023-09-20,525219.8770000001,512010.0,1037229.8770000001,1.0372298770000001,37229.877000000095,0.0,0.0,37229.87700000004,20250.0
2023-09-21,525219.8770000001,506880.0,1032099.8770000001,1.032099877,32099.877000000095,0.0,0.0,32099.877000000037,20250.0
2023-09-22,525219.8770000001,513450.0,1038669.8770000001,1.038669877,38669.877000000095,0.0,0.0,38669.87700000004,20250.0
2023-09-25,525219.8770000001,509670.0,1034889.8770000001,1.0348898770000001,34889.877000000095,0.0,0.0,34889.87700000004,20250.0
2023-09-26,525219.8770000001,504000.0,1029219.8770000001,1.029219877,29219.877000000095,0.0,0.0,29219.877000000037,20250.0
2023-09-27,525219.8770000001,505710.0,1030929.8770000001,1.0309298770000002,30929.877000000095,0.0,0.0,30929.877000000037,20250.0
2023-09-28,525219.8770000001,499320.0,1024539.8770000001,1.024539877,24539.877000000095,0.0,0.0,24539.877000000037,20250.0
2023-10-09,525219.8770000001,501840.0,1027059.8770000001,1.0270598770000001,27059.877000000095,0.0,0.0,27059.877000000037,20250.0
2023-10-10,525219.8770000001,492930.0,1018149.8770000001,1.0181498770000001,18149.877000000095,0.0,0.0,18149.877000000037,20250.0
2023-10-11,525219.8770000001,492930.0,1018149.8770000001,1.0181498770000001,18149.877000000095,0.0,0.0,18149.877000000037,20250.0
2023-10-12,525219.8770000001,497520.0,1022739.8770000001,1.022739877,22739.877000000095,0.0,0.0,22739.877000000037,20250.0
2023-10-13,525219.8770000001,494910.0,1020129.8770000001,1.020129877,20129.877000000095,0.0,0.0,20129.877000000037,20250.0
2023-10-16,525219.8770000001,495720.0,1020939.8770000001,1.020939877,20939.877000000095,0.0,0.0,20939.877000000037,20250.0
2023-10-17,525219.8770000001,502920.0,1028139.8770000001,1.028139877,28139.877000000095,0.0,0.0,28139.877000000037,20250.0
2023-10-18,525219.8770000001,499230.0,1024449.8770000001,1.0244498770000001,24449.877000000095,0.0,0.0,24449.877000000037,20250.0
2023-10-19,525219.8770000001,488070.0,1013289.8770000001,1.013289877,13289.877000000095,0.0,0.0,13289.877000000037,20250.0
2023-10-20,525219.8770000001,478620.0,1003839.8770000001,1.003839877,3839.877000000095,0.0,0.0,3839.877000000037,20250.0
2023-10-23,525219.8770000001,479250.0,1004469.8770000001,1.004469877,4469.877000000095,0.0,0.0,4469.877000000037,20250.0
2023-10-24,525219.8770000001,478620.0,1003839.8770000001,1.003839877,3839.877000000095,0.0,0.0,3839.877000000037,20250.0
2023-10-25,525219.8770000001,471780.0,996999.8770000001,0.9969998770000001,-3000.122999999905,0.0,0.0,-3000.122999999963,20250.0
2023-10-26,525219.8770000001,472590.0,997809.8770000001,0.9978098770000001,-2190.122999999905,0.0,0.0,-2190.122999999963,20250.0
2023-10-27,525219.8770000001,483660.0,1008879.8770000001,1.008879877,8879.877000000095,0.0,0.0,8879.877000000037,20250.0
2023-10-30,525219.8770000001,490500.0,1015719.8770000001,1.015719877,15719.877000000095,0.0,0.0,15719.877000000037,20250.0
2023-10-31,525219.8770000001,476280.0,1001499.8770000001,1.001499877,1499.877000000095,0.0,0.0,1499.8770000000368,20250.0
2023-11-01,525219.8770000001,477090.0,1002309.8770000001,1.002309877,2309.877000000095,0.0,0.0,2309.877000000037,20250.0
2023-11-02,525219.8770000001,478620.0,1003839.8770000001,1.003839877,3839.877000000095,0.0,0.0,3839.877000000037,20250.0
2023-11-03,525219.8770000001,475200.0,1000419.8770000001,1.0004198770000001,419.877000000095,0.0,0.0,419.8770000000368,20250.0
2023-11-06,525219.8770000001,478260.0,1003479.8770000001,1.0034798770000002,3479.877000000095,0.0,0.0,3479.877000000037,20250.0
2023-11-07,525219.8770000001,477900.0,1003119.8770000001,1.003119877,3119.877000000095,0.0,0.0,3119.877000000037,20250.0
2023-11-08,525219.8770000001,475650.0,1000869.8770000001,1.0008698770000002,869.877000000095,0.0,0.0,869.8770000000368,20250.0
2023-11-09,525219.8770000001,472050.0,997269.8770000001,0.9972698770000001,-2730.122999999905,0.0,0.0,-2730.122999999963,20250.0
2023-11-10,525219.8770000001,474300.0,999519.8770000001,0.9995198770000001,-480.122999999905,0.0,0.0,-480.1229999999632,20250.0
2023-11-13,525219.8770000001,459540.0,984759.8770000001,0.9847598770000001,-15240.122999999905,0.0,0.0,-15240.122999999963,20250.0
2023-11-14,525219.8770000001,459810.00000000006,985029.8770000001,0.9850298770000001,-14970.122999999905,0.0,0.0,-14970.122999999905,20250.0
2023-11-15,525219.8770000001,463860.0,989079.8770000001,0.9890798770000001,-10920.122999999905,0.0,0.0,-10920.122999999963,20250.0
2023-11-16,525219.8770000001,465750.0,990969.8770000001,0.990969877,-9030.122999999905,0.0,0.0,-9030.122999999963,20250.0
2023-11-17,525219.8770000001,466740.0,991959.8770000001,0.9919598770000001,-8040.122999999905,0.0,0.0,-8040.122999999963,20250.0
2023-11-20,525219.8770000001,471870.0,997089.8770000001,0.9970898770000001,-2910.122999999905,0.0,0.0,-2910.122999999963,20250.0
2023-11-21,58527.84700000001,937950.0,996477.8470000001,0.9964778470000001,-3522.152999999933,-792.0300000000279,0.0,-2730.122999999963,20250.0
2023-11-22,58527.84700000001,929880.0,988407.8470000001,0.9884078470000001,-11592.152999999933,-6162.030000000086,0.0,-5430.122999999963,20250.0
2023-11-23,58527.84700000001,934050.0,992577.8470000001,0.9925778470000001,-7422.152999999933,-7482.030000000086,0.0,59.87700000003679,20250.0
2023-11-24,58527.84700000001,932010.0,990537.8470000001,0.990537847,-9462.152999999933,-7002.030000000144,0.0,-2460.122999999963,20250.0
2023-11-27,58527.84700000001,915480.0,974007.8470000001,0.9740078470000001,-25992.152999999933,-18942.030000000086,0.0,-7050.122999999963,20250.0
2023-11-28,58527.84700000001,919020.0,977547.8470000001,0.9775478470000001,-22452.152999999933,-20442.030000000086,0.0,-2010.1229999999632,20250.0
2023-11-29,58527.84700000001,912990.0,971517.8470000001,0.9715178470000001,-28482.152999999933,-21792.030000000028,0.0,-6690.122999999963,20250.0
2023-11-30,58527.84700000001,912480.0,971007.8470000001,0.9710078470000001,-28992.152999999933,-19242.030000000086,0.0,-9750.122999999963,20250.0
2023-12-01,58527.84700000001,896580.0,955107.8470000001,0.9551078470000001,-44892.15299999993,-25062.030000000086,0.0,-19830.122999999963,20250.0
2023-12-04,58527.84700000001,888360.0,946887.8470000001,0.9468878470000001,-53112.15299999993,-29142.030000000086,0.0,-23970.122999999905,20250.0
2023-12-05,58527.84700000001,870990.0,929517.8470000001,0.9295178470000001,-70482.15299999993,-38682.030000000144,0.0,-31800.122999999963,20250.0
2023-12-06,58527.84700000001,874920.0,933447.8470000001,0.933447847,-66552.15299999993,-34392.030000000086,0.0,-32160.122999999963,20250.0
2023-12-07,58527.84700000001,879540.0,938067.8470000001,0.9380678470000001,-61932.15299999993,-39132.03000000003,0.0,-22800.122999999963,20250.0
2023-12-08,58527.84700000001,881850.0,940377.8470000001,0.940377847,-59622.15299999993,-37902.030000000086,0.0,-21720.122999999905,20250.0
2023-12-11,58527.84700000001,876780.0,935307.8470000001,0.935307847,-64692.15299999993,-49092.030000000144,0.0,-15600.122999999963,20250.0
2023-12-12,58527.84700000001,876900.0,935427.8470000001,0.935427847,-64572.15299999993,-48792.03000000003,0.0,-15780.122999999963,20250.0
2023-12-13,58527.84700000001,857550.0,916077.8470000001,0.9160778470000001,-83922.15299999993,-65352.030000000086,0.0,-18570.122999999963,20250.0
2023-12-14,58527.84700000001,855960.0,914487.8470000001,0.9144878470000001,-85512.15299999993,-68742.03000000009,0.0,-16770.122999999963,20250.0
2023-12-15,58527.84700000001,854070.0,912597.8470000001,0.912597847,-87402.15299999993,-65592.03000000014,0.0,-21810.122999999963,20250.0
2023-12-18,58527.84700000001,861810.0,920337.8470000001,0.9203378470000001,-79662.15299999993,-64692.030000000086,0.0,-14970.122999999905,20250.0
2023-12-19,58527.84700000001,856740.0,915267.8470000001,0.9152678470000001,-84732.15299999993,-66702.03000000003,0.0,-18030.122999999963,20250.0
2023-12-20,58527.84700000001,855660.0,914187.8470000001,0.9141878470000001,-85812.15299999993,-70302.03000000009,0.0,-15510.122999999963,20250.0
2023-12-21,58527.84700000001,870480.0,929007.8470000001,0.929007847,-70992.15299999993,-64392.030000000086,0.0,-6600.122999999963,20250.0
2023-12-22,58527.84700000001,875190.0,933717.8470000001,0.933717847,-66282.15299999993,-66432.03000000014,0.0,149.8770000000368,20250.0
2023-12-25,58527.84700000001,877680.0,936207.8470000001,0.936207847,-63792.15299999993,-63042.03000000003,0.0,-750.1229999999632,20250.0
2023-12-26,58527.84700000001,878160.0,936687.8470000001,0.9366878470000001,-63312.15299999993,-63732.030000000086,0.0,419.8770000000368,20250.0
2023-12-27,58527.84700000001,883890.0,942417.8470000001,0.9424178470000001,-57582.15299999993,-65202.03000000003,0.0,7619.877000000037,20250.0
2023-12-28,58527.84700000001,906750.0,965277.8470000001,0.9652778470000001,-34722.15299999993,-46392.030000000086,0.0,11669.877000000037,20250.0
2023-12-29,58527.84700000001,912600.0,971127.8470000001,0.9711278470000001,-28872.152999999933,-45762.030000000086,0.0,16889.877000000037,20250.0
2024-01-02,58527.84700000001,899040.0,957567.8470000001,0.9575678470000001,-42432.15299999993,-58692.030000000086,0.0,16259.877000000037,20250.0
2024-01-03,58527.84700000001,894690.0,953217.8470000001,0.9532178470000001,-46782.15299999993,-62052.030000000086,0.0,15269.877000000037,20250.0
2024-01-04,58527.84700000001,894210.0,952737.8470000001,0.9527378470000001,-47262.15299999993,-69732.03000000009,0.0,22469.877000000037,20250.0
2024-01-05,58527.84700000001,894120.0,952647.8470000001,0.952647847,-47352.15299999993,-72972.03000000009,0.0,25619.877000000037,20250.0
2024-01-08,58527.84700000001,879300.0,937827.8470000001,0.9378278470000001,-62172.15299999993,-82392.03000000009,0.0,20219.877000000037,20250.0
2024-01-09,58527.84700000001,879960.0,938487.8470000001,0.9384878470000001,-61512.15299999993,-83262.03000000009,0.0,21749.877000000037,20250.0
2024-01-10,58527.84700000001,883380.0,941907.8470000001,0.9419078470000001,-58092.15299999993,-80292.03000000003,0.0,22199.877000000037,20250.0
2024-01-11,58527.84700000001,883860.0,942387.8470000001,0.9423878470000001,-57612.15299999993,-77832.03000000009,0.0,20219.877000000037,20250.0
2024-01-12,58527.84700000001,881250.0,939777.8470000001,0.9397778470000001,-60222.15299999993,-80442.03000000009,0.0,20219.877000000037,20250.0
2024-01-15,58527.84700000001,888960.0,947487.8470000001,0.9474878470000001,-52512.15299999993,-80652.03000000009,0.0,28139.877000000037,20250.0
2024-01-16,58527.84700000001,897510.0,956037.8470000001,0.956037847,-43962.15299999993,-81462.03000000009,0.0,37499.87700000004,20250.0
2024-01-17,58527.84700000001,882750.0,941277.8470000001,0.9412778470000001,-58722.15299999993,-91272.03000000009,0.0,32549.877000000037,20250.0
2024-01-18,58527.84700000001,891300.0,949827.8470000001,0.9498278470000001,-50172.15299999993,-82992.03000000009,0.0,32819.87700000004,20250.0
2024-01-19,58527.84700000001,891930.0,950457.8470000001,0.950457847,-49542.15299999993,-80022.03000000014,0.0,30479.877000000037,20250.0
2024-01-22,58527.84700000001,879060.0,937587.8470000001,0.9375878470000001,-62412.15299999993,-85692.03000000009,0.0,23279.877000000095,20250.0
2024-01-23,58527.84700000001,889560.0,948087.8470000001,0.948087847,-51912.15299999993,-84552.03000000009,0.0,32639.877000000037,20250.0
2024-01-24,58527.84700000001,898860.0,957387.8470000001,0.957387847,-42612.15299999993,-82542.03000000003,0.0,39929.87700000004,20250.0
2024-01-25,58527.84700000001,900480.0,959007.8470000001,0.9590078470000001,-40992.15299999993,-73362.03000000003,0.0,32369.877000000037,20250.0
2024-01-26,58527.84700000001,910590.0,969117.8470000001,0.969117847,-30882.152999999933,-73692.03000000009,0.0,42809.87700000004,20250.0
2024-01-29,58527.84700000001,923550.0,982077.8470000001,0.9820778470000001,-17922.152999999933,-71352.03000000009,0.0,53429.87700000004,20250.0
2024-01-30,58527.84700000001,907110.0,965637.8470000001,0.9656378470000001,-34362.15299999993,-83562.03000000009,0.0,49199.87700000004,20250.0
2024-01-31,58527.84700000001,903150.0,961677.8470000001,0.961677847,-38322.15299999993,-87792.03000000009,0.0,49469.87700000004,20250.0
2024-02-01,58527.84700000001,908790.0,967317.8470000001,0.9673178470000001,-32682.152999999933,-87192.03000000009,0.0,54509.87700000004,20250.0
2024-02-02,58527.84700000001,895710.0,954237.8470000001,0.954237847,-45762.15299999993,-95232.03000000009,0.0,49469.87700000004,20250.0
2024-02-05,58527.84700000001,914760.0,973287.8470000001,0.973287847,-26712.152999999933,-86982.03000000009,0.0,60269.87700000004,20250.0
2024-02-06,58527.84700000001,938520.0,997047.8470000001,0.997047847,-2952.152999999933,-67722.03000000009,0.0,64769.87700000004,20250.0
2024-02-07,58527.84700000001,951600.0,1010127.8470000001,1.0101278470000001,10127.847000000067,-65082.030000000086,0.0,75209.87700000004,20250.0
2024-02-08,58527.84700000001,943380.0,1001907.8470000001,1.001907847,1907.847000000067,-65922.03000000009,0.0,67829.87700000004,20250.0
2024-02-19,58527.84700000001,953850.0,1012377.8470000001,1.012377847,12377.847000000067,-58242.030000000086,0.0,70619.87700000004,20250.0
2024-02-20,58527.84700000001,958440.0,1016967.8470000001,1.016967847,16967.847000000067,-63552.030000000086,0.0,80519.87700000004,20250.0
2024-02-21,58527.84700000001,978450.0,1036977.8470000001,1.0369778470000002,36977.84700000007,-43632.03000000003,0.0,80609.87700000004,20250.0
2024-02-22,58527.84700000001,975450.0,1033977.8470000001,1.033977847,33977.84700000007,-43392.030000000086,0.0,77369.87700000004,20250.0
2024-02-23,58527.84700000001,961710.0,1020237.8470000001,1.020237847,20237.847000000067,-41562.030000000086,0.0,61799.87700000004,20250.0
2024-02-26,58527.84700000001,961980.0,1020507.8470000001,1.020507847,20507.847000000067,-47412.030000000086,0.0,67919.87700000004,20250.0
2024-02-27,58527.84700000001,976560.0,1035087.8470000001,1.035087847,35087.84700000007,-47412.030000000086,0.0,82499.87700000004,20250.0
2024-02-28,58527.84700000001,974970.0,1033497.8470000001,1.033497847,33497.84700000007,-48102.030000000086,0.0,81599.87700000004,20250.0
2024-02-29,58527.84700000001,990420.0,1048947.847,1.048947847,48947.84700000007,-39942.030000000086,0.0,88889.87700000004,20250.0
2024-03-01,58527.84700000001,1008000.0,1066527.847,1.0665278470000001,66527.84700000007,-38922.030000000086,0.0,105449.87700000004,20250.0
2024-03-04,58527.84700000001,1002390.0,1060917.847,1.060917847,60917.84700000007,-45702.03000000003,0.0,106619.87700000004,20250.0
2024-03-05,58527.84700000001,1010130.0,1068657.847,1.068657847,68657.84700000007,-41922.030000000086,0.0,110579.87700000004,20250.0
2024-03-06,58527.84700000001,997770.0,1056297.847,1.056297847,56297.84700000007,-49512.030000000086,0.0,105809.87700000004,20250.0
2024-03-07,58527.84700000001,1006950.0,1065477.847,1.0654778470000001,65477.84700000007,-51942.030000000086,0.0,117419.87700000004,20250.0
2024-03-08,58527.84700000001,1010160.0,1068687.847,1.068687847,68687.84700000007,-51432.030000000144,0.0,120119.87700000004,20250.0
2024-03-11,58527.84700000001,1012260.0,1070787.847,1.070787847,70787.84700000007,-43212.030000000086,0.0,113999.87700000004,20250.0
2024-03-12,58527.84700000001,1022100.0,1080627.847,1.0806278470000001,80627.84700000007,-21762.030000000086,0.0,102389.87700000004,20250.0
2024-03-13,58527.84700000001,1019909.9999999999,1078437.8469999998,1.0784378469999998,78437.84699999983,-23412.030000000086,0.0,101849.87699999992,20250.0
2024-03-14,58527.84700000001,1029180.0,1087707.847,1.0877078470000001,87707.84700000007,-18012.030000000086,0.0,105719.87700000004,20250.0
2024-03-15,58527.84700000001,1033650.0,1092177.847,1.092177847,92177.84700000007,-9222.030000000086,0.0,101399.87700000004,20250.0
2024-03-18,58527.84700000001,1021740.0,1080267.847,1.080267847,80267.84700000007,-6192.030000000086,0.0,86459.87700000004,20250.0
2024-03-19,58527.84700000001,1035510.0,1094037.847,1.094037847,94037.84700000007,5417.969999999914,0.0,88619.87700000004,20250.0
2024-03-20,58527.84700000001,1027770.0,1086297.847,1.086297847,86297.84700000007,4157.969999999856,0.0,82139.87700000004,20250.0
2024-03-21,58527.84700000001,1014780.0,1073307.847,1.0733078470000001,73307.84700000007,3137.969999999972,0.0,70169.87700000004,20250.0
2024-03-22,58527.84700000001,1023870.0,1082397.847,1.082397847,82397.84700000007,-6402.030000000086,0.0,88799.87700000004,20250.0
2024-03-25,58527.84700000001,1021260.0,1079787.847,1.079787847,79787.84700000007,-11532.030000000086,0.0,91319.87700000004,20250.0
2024-03-26,58527.84700000001,1030140.0,1088667.847,1.088667847,88667.84700000007,-1032.0300000000861,0.0,89699.87700000004,20250.0
2024-03-27,58527.84700000001,1031010.0,1089537.847,1.0895378470000001,89537.84700000007,-8712.030000000086,0.0,98249.87700000004,20250.0
2024-03-28,58527.84700000001,1040520.0,1099047.847,1.099047847,99047.84700000007,-7392.030000000086,0.0,106439.87700000004,20250.0
2024-03-29,58527.84700000001,1038510.0,1097037.847,1.0970378470000002,97037.84700000007,-6162.030000000086,0.0,103199.87700000004,20250.0
2024-04-01,58527.84700000001,1067820.0,1126347.847,1.1263478470000001,126347.84700000007,5147.969999999914,0.0,121199.87700000004,20250.0
2024-04-02,58527.84700000001,1062750.0,1121277.847,1.121277847,121277.84700000007,-192.03000000008615,0.0,121469.87700000004,20250.0
2024-04-03,58527.84700000001,1064370.0,1122897.847,1.1228978470000002,122897.84700000007,-2892.030000000086,0.0,125789.87700000004,20250.0
2024-04-08,58527.84700000001,1029749.9999999999,1088277.8469999998,1.0882778469999999,88277.84699999983,-24822.030000000086,0.0,113099.87699999992,20250.0
2024-04-09,58527.84700000001,1024800.0,1083327.847,1.083327847,83327.84700000007,-27252.030000000144,0.0,110579.87700000004,20250.0
2024-04-10,58527.84700000001,1015890.0,1074417.847,1.074417847,74417.84700000007,-37332.030000000086,0.0,111749.87700000004,20250.0
2024-04-11,58527.84700000001,1012649.9999999999,1071177.8469999998,1.0711778469999997,71177.84699999983,-39672.030000000086,0.0,110849.87699999992,20250.0
2024-04-12,58527.84700000001,1005480.0,1064007.847,1.064007847,64007.84700000007,-45222.030000000086,0.0,109229.87700000004,20250.0
2024-04-15,58527.84700000001,1043520.0,1102047.847,1.1020478470000001,102047.84700000007,-24732.030000000086,0.0,126779.87700000004,20250.0
2024-04-16,58527.84700000001,1049700.0,1108227.847,1.108227847,108227.84700000007,-31782.030000000086,0.0,140009.87700000004,20250.0
2024-04-17,58527.84700000001,1053120.0,1111647.847,1.111647847,111647.84700000007,-30792.030000000028,0.0,142439.87700000004,20250.0
2024-04-18,58527.84700000001,1064940.0,1123467.847,1.1234678470000001,123467.84700000007,-31752.030000000144,0.0,155219.87700000004,20250.0
2024-04-19,58527.84700000001,1058700.0,1117227.847,1.117227847,117227.84700000007,-37992.030000000086,0.0,155219.87700000004,20250.0
2024-04-22,58527.84700000001,1063500.0,1122027.847,1.122027847,122027.84700000007,-33012.030000000086,0.0,155039.87700000004,20250.0
2024-04-23,58527.84700000001,1056600.0,1115127.847,1.1151278470000001,115127.84700000007,-25602.030000000086,0.0,140729.87700000004,20250.0
2024-04-24,58527.84700000001,1058040.0,1116567.847,1.116567847,116567.84700000007,-19752.030000000144,0.0,136319.87700000004,20250.0
2024-04-25,58527.84700000001,1061100.0,1119627.847,1.119627847,119627.84700000007,-19752.030000000144,0.0,139379.87700000004,20250.0
2024-04-26,58527.84700000001,1072080.0,1130607.847,1.130607847,130607.84700000007,-9942.030000000086,0.0,140549.87700000004,20250.0
2024-04-29,58527.84700000001,1069050.0,1127577.847,1.127577847,127577.84700000007,-11442.030000000086,0.0,139019.87700000004,20250.0
2024-04-30,58527.84700000001,1079310.0,1137837.847,1.1378378470000001,137837.84700000007,-15402.030000000086,0.0,153239.87700000004,20250.0
2024-05-06,58527.84700000001,1104120.0,1162647.847,1.1626478470000001,162647.84700000007,-1662.0300000000861,0.0,164309.87700000004,20250.0
2024-05-07,58527.84700000001,1107720.0,1166247.847,1.1662478470000002,166247.84700000007,1127.9699999999139,0.0,165119.87700000004,20250.0
2024-05-08,58527.84700000001,1101750.0,1160277.847,1.1602778470000001,160277.84700000007,-1692.0300000000861,0.0,161969.87700000004,20250.0
2024-05-09,58527.84700000001,1111170.0,1169697.847,1.1696978470000001,169697.84700000007,-2172.030000000086,0.0,171869.87700000004,20250.0
2024-05-10,58527.84700000001,1110210.0,1168737.847,1.168737847,168737.84700000007,-3402.030000000086,0.0,172139.87700000004,20250.0
2024-05-13,58527.84700000001,1107690.0,1166217.847,1.166217847,166217.84700000007,-13392.030000000086,0.0,179609.87700000004,20250.0
2024-05-14,58527.84700000001,1091580.0,1150107.847,1.1501078470000001,150107.84700000007,-12672.030000000086,0.0,162779.87700000004,20250.0
2024-05-15,82827.84700000001,1081950.0,1164777.847,1.164777847,164777.84700000007,-12582.030000000086,0.0,177359.87700000004,44550.0
2024-05-16,82827.84700000001,1086210.0,1169037.847,1.169037847,169037.84700000007,-4542.030000000028,0.0,173579.87700000004,44550.0
2024-05-17,82827.84700000001,1081500.0,1164327.847,1.164327847,164327.84700000007,2537.969999999914,0.0,161789.87700000004,44550.0
2024-05-20,82827.84700000001,1071030.0,1153857.847,1.153857847,153857.84700000007,5207.969999999972,0.0,148649.87699999992,44550.0
2024-05-21,82827.84700000001,1068570.0,1151397.847,1.1513978470000001,151397.84700000007,2927.969999999914,0.0,148469.87700000004,44550.0
2024-05-22,82827.84700000001,1054050.0,1136877.847,1.136877847,136877.84700000007,-1332.0300000000861,0.0,138209.87700000004,44550.0
2024-05-23,82827.84700000001,1052460.0,1135287.847,1.135287847,135287.84700000007,-5892.030000000086,0.0,141179.87700000004,44550.0
2024-05-24,82827.84700000001,1053030.0,1135857.847,1.135857847,135857.84700000007,-13242.030000000086,0.0,149099.87700000004,44550.0
2024-05-27,82827.84700000001,1063050.0,1145877.847,1.1458778470000002,145877.84700000007,-11952.030000000028,0.0,157829.87700000004,44550.0
2024-05-28,82827.84700000001,1053360.0,1136187.847,1.136187847,136187.84700000007,-16602.030000000086,0.0,152789.87700000004,44550.0
2024-05-29,82827.84700000001,1040280.0,1123107.847,1.123107847,123107.84700000007,-19062.030000000086,0.0,142169.87700000004,44550.0
2024-05-30,82827.84700000001,1025400.0000000001,1108227.847,1.108227847,108227.84700000007,-27912.030000000086,0.0,136139.87700000015,44550.0
2024-05-31,82827.84700000001,1022940.0,1105767.847,1.105767847,105767.84700000007,-26592.030000000144,0.0,132359.87700000004,44550.0
2024-06-03,82827.84700000001,1023120.0,1105947.847,1.1059478470000002,105947.84700000007,-28752.030000000144,0.0,134699.87700000004,44550.0
2024-06-04,82827.84700000001,1025460.0000000001,1108287.847,1.1082878470000002,108287.84700000007,-23352.030000000086,0.0,131639.87700000015,44550.0
2024-06-05,82827.84700000001,1012560.0,1095387.847,1.095387847,95387.84700000007,-29412.030000000086,0.0,124799.87700000004,44550.0
2024-06-06,82827.84700000001,1026540.0,1109367.847,1.1093678470000001,109367.84700000007,-31992.030000000086,0.0,141359.87700000004,44550.0
2024-06-07,82827.84700000001,1013460.0,1096287.847,1.0962878470000001,96287.84700000007,-39672.030000000086,0.0,135959.87700000004,44550.0
2024-06-11,82827.84700000001,1000440.0,1083267.847,1.0832678470000001,83267.84700000007,-51252.030000000144,0.0,134519.87700000004,44550.0
2024-06-12,82827.84700000001,1000140.0,1082967.847,1.0829678470000002,82967.84700000007,-52992.030000000086,0.0,135959.87700000004,44550.0
2024-06-13,82827.84700000001,978960.0,1061787.847,1.0617878470000002,61787.84700000007,-63012.030000000086,0.0,124799.87700000004,44550.0
2024-06-14,82827.84700000001,997530.0,1080357.847,1.0803578470000001,80357.84700000007,-59652.030000000086,0.0,140009.87700000004,44550.0
2024-06-17,82827.84700000001,987960.0,1070787.847,1.070787847,70787.84700000007,-59502.030000000144,0.0,130289.87700000004,44550.0
2024-06-18,82827.84700000001,985230.0,1068057.847,1.0680578470000002,68057.84700000007,-65022.030000000144,0.0,133079.87700000004,44550.0
2024-06-19,82827.84700000001,978660.0,1061487.847,1.061487847,61487.84700000007,-64032.030000000086,0.0,125519.87700000004,44550.0
2024-06-20,82827.84700000001,976830.0,1059657.847,1.059657847,59657.84700000007,-70092.03000000014,0.0,129749.87700000004,44550.0
2024-06-21,82827.84700000001,966150.0,1048977.847,1.048977847,48977.84700000007,-76092.03000000014,0.0,125069.87700000004,44550.0
2024-06-24,82827.84700000001,977010.0,1059837.847,1.059837847,59837.84700000007,-73602.03000000009,0.0,133439.87700000004,44550.0
2024-06-25,82827.84700000001,982140.0,1064967.847,1.0649678470000001,64967.84700000007,-72162.03000000009,0.0,137129.87700000004,44550.0
2024-06-26,82827.84700000001,972150.0,1054977.847,1.054977847,54977.84700000007,-72792.03000000003,0.0,127769.87700000004,44550.0
2024-06-27,82827.84700000001,965850.0,1048677.847,1.048677847,48677.84700000007,-77742.03000000009,0.0,126419.87700000004,44550.0
2024-06-28,82827.84700000001,964620.0,1047447.8470000001,1.0474478470000002,47447.84700000007,-82572.03000000009,0.0,130019.87700000004,44550.0
2024-07-01,82827.84700000001,961710.0,1044537.8470000001,1.044537847,44537.84700000007,-81792.03000000003,0.0,126329.87700000004,44550.0
2024-07-02,82827.84700000001,961680.0,1044507.8470000001,1.044507847,44507.84700000007,-72012.03000000009,0.0,116519.87700000004,44550.0
2024-07-03,82827.84700000001,960270.0,1043097.8470000001,1.043097847,43097.84700000007,-73692.03000000009,0.0,116789.87700000004,44550.0
2024-07-04,82827.84700000001,973170.0,1055997.847,1.055997847,55997.84700000007,-74922.03000000009,0.0,130919.87700000004,44550.0
2024-07-05,82827.84700000001,962850.0,1045677.8470000001,1.045677847,45677.84700000007,-79842.03000000014,0.0,125519.87700000004,44550.0
2024-07-08,82827.84700000001,955800.0,1038627.8470000001,1.038627847,38627.84700000007,-88962.03000000009,0.0,127589.87700000004,44550.0
2024-07-09,82827.84700000001,958110.0,1040937.8470000001,1.0409378470000001,40937.84700000007,-85482.03000000009,0.0,126419.87700000004,44550.0
2024-07-10,82827.84700000001,953910.0,1036737.8470000001,1.0367378470000002,36737.84700000007,-87072.03000000009,0.0,123809.87700000004,44550.0
2024-07-11,82827.84700000001,966540.0,1049367.847,1.049367847,49367.84700000007,-75252.03000000014,0.0,124619.87700000004,44550.0
2024-07-12,95436.84700000001,967200.0,1062636.847,1.062636847,62636.84700000007,-71883.03000000009,12609.0,134519.87700000004,44550.0
2024-07-15,95436.84700000001,966960.0,1062396.847,1.062396847,62396.84700000007,-71583.03000000009,12609.0,133979.87700000004,44550.0
2024-07-16,95436.84700000001,960870.0,1056306.847,1.056306847,56306.84700000007,-71643.03000000009,12609.0,127949.87700000004,44550.0
2024-07-17,95436.84700000001,957750.0,1053186.847,1.053186847,53186.84700000007,-61803.030000000086,12609.0,114989.87700000004,44550.0
2024-07-18,95436.84700000001,968400.0,1063836.847,1.0638368470000001,63836.84700000007,-60783.030000000086,12609.0,124619.87700000004,44550.0
2024-07-19,95436.84700000001,972660.0,1068096.847,1.068096847,68096.84700000007,-53823.030000000144,12609.0,121919.87700000004,44550.0
2024-07-22,95436.84700000001,966330.0,1061766.847,1.0617668470000001,61766.84700000007,-60423.030000000086,12609.0,122189.87700000004,44550.0
2024-07-23,95436.84700000001,941820.0,1037256.8470000001,1.037256847,37256.84700000007,-73683.03000000009,12609.0,110939.87700000004,44550.0
2024-07-24,95436.84700000001,918900.0,1014336.8470000001,1.014336847,14336.847000000067,-75903.03000000009,12609.0,90239.87700000004,44550.0
2024-07-25,95436.84700000001,911940.0,1007376.8470000001,1.007376847,7376.847000000067,-76743.03000000009,12609.0,84119.87700000004,44550.0
2024-07-26,95436.84700000001,944160.0,1039596.8470000001,1.039596847,39596.84700000007,-75483.03000000009,12609.0,115079.87700000004,44550.0
2024-07-29,95436.84700000001,938220.0,1033656.8470000001,1.033656847,33656.84700000007,-81783.03000000009,12609.0,115439.87700000004,44550.0
2024-07-30,95436.84700000001,919410.0,1014846.8470000001,1.014846847,14846.847000000067,-84213.03000000009,12609.0,99059.87700000004,44550.0
2024-07-31,95436.84700000001,954420.0,1049856.847,1.049856847,49856.84700000007,-73503.03000000009,12609.0,123359.87700000004,44550.0
2024-08-01,95436.84700000001,944220.0,1039656.8470000001,1.039656847,39656.84700000007,-82083.03000000009,12609.0,121739.87700000004,44550.0
2024-08-02,95436.84700000001,938010.0,1033446.8470000001,1.033446847,33446.84700000007,-82983.03000000009,12609.0,116429.87700000004,44550.0
2024-08-05,95436.84700000001,932850.0,1028286.8470000001,1.0282868470000002,28286.847000000067,-76083.03000000009,12609.0,104369.87700000004,44550.0
2024-08-06,95436.84700000001,916980.0,1012416.8470000001,1.0124168470000001,12416.847000000067,-76383.03000000009,12609.0,88799.87700000004,44550.0
2024-08-07,95436.84700000001,927300.0,1022736.8470000001,1.022736847,22736.847000000067,-73083.03000000009,12609.0,95819.87700000004,44550.0
2024-08-08,95436.84700000001,933690.0,1029126.8470000001,1.0291268470000001,29126.847000000067,-69033.03000000009,12609.0,98159.87700000004,44550.0
2024-08-09,95436.84700000001,928740.0,1024176.8470000001,1.0241768470000001,24176.847000000067,-69843.03000000003,12609.0,94019.87700000004,44550.0
2024-08-12,95436.84700000001,935550.0,1030986.8470000001,1.030986847,30986.847000000067,-70953.03000000009,12609.0,101939.87700000004,44550.0
2024-08-13,95436.84700000001,929040.0,1024476.8470000001,1.024476847,24476.847000000067,-77283.03000000009,12609.0,101759.87700000004,44550.0
2024-08-14,95436.84700000001,921090.0,1016526.8470000001,1.0165268470000002,16526.847000000067,-81093.03000000009,12609.0,97619.87700000004,44550.0
2024-08-15,95436.84700000001,923850.0,1019286.8470000001,1.019286847,19286.847000000067,-79233.03000000009,12609.0,98519.87700000004,44550.0
2024-08-16,95436.84700000001,930690.0,1026126.8470000001,1.026126847,26126.847000000067,-79053.03000000009,12609.0,105179.87700000004,44550.0
2024-08-19,95436.84700000001,933090.0,1028526.8470000001,1.028526847,28526.847000000067,-82233.03000000009,12609.0,110759.87700000004,44550.0
2024-08-20,95436.84700000001,936630.0,1032066.8470000001,1.032066847,32066.847000000067,-84633.03000000009,12609.0,116699.87700000004,44550.0
2024-08-21,95436.84700000001,935040.0,1030476.8470000001,1.030476847,30476.847000000067,-87483.03000000009,12609.0,117959.87700000004,44550.0
2024-08-22,95436.84700000001,939780.0,1035216.8470000001,1.035216847,35216.84700000007,-91113.03000000009,12609.0,126329.87700000004,44550.0
2024-08-23,95436.84700000001,952470.0,1047906.8470000001,1.0479068470000001,47906.84700000007,-90753.03000000009,12609.0,138659.87700000004,44550.0
2024-08-26,95436.84700000001,951239.9999999999,1046676.8469999998,1.0466768469999999,46676.846999999834,-99723.03000000009,12609.0,146399.87699999992,44550.0
2024-08-27,95436.84700000001,947010.0,1042446.8470000001,1.0424468470000001,42446.84700000007,-100983.03000000009,12609.0,143429.87700000004,44550.0
2024-08-28,95436.84700000001,926370.0000000001,1021806.8470000001,1.0218068470000001,21806.847000000067,-112083.03000000009,12609.0,133889.87700000015,44550.0
2024-08-29,95436.84700000001,931890.0,1027326.8470000001,1.027326847,27326.847000000067,-97743.03000000009,12609.0,125069.87700000004,44550.0
2024-08-30,95436.84700000001,951840.0,1047276.8470000001,1.047276847,47276.84700000007,-84993.03000000009,12609.0,132269.87700000004,44550.0
2024-09-02,95436.84700000001,944070.0,1039506.8470000001,1.039506847,39506.84700000007,-97083.03000000009,12609.0,136589.87700000004,44550.0
2024-09-03,95436.84700000001,954690.0,1050126.847,1.050126847,50126.84700000007,-93123.03000000009,12609.0,143249.87700000004,44550.0
2024-09-04,95436.84700000001,946650.0,1042086.8470000001,1.042086847,42086.84700000007,-96753.03000000009,12609.0,138839.87700000004,44550.0
2024-09-05,95436.84700000001,930960.0,1026396.8470000001,1.026396847,26396.847000000067,-95433.03000000009,12609.0,121829.87700000004,44550.0
2024-09-06,95436.84700000001,919770.0,1015206.8470000001,1.015206847,15206.847000000067,-101493.03000000009,12609.0,116699.87700000004,44550.0
2024-09-09,95436.84700000001,898470.0,993906.8470000001,0.9939068470000001,-6093.152999999933,-105423.03000000009,12609.0,99329.87700000004,44550.0
2024-09-10,95436.84700000001,896040.0,991476.8470000001,0.991476847,-8523.152999999933,-104793.03000000009,12609.0,96269.87700000004,44550.0
2024-09-11,95436.84700000001,902970.0,998406.8470000001,0.998406847,-1593.152999999933,-106053.03000000009,12609.0,104459.87700000004,44550.0
2024-09-12,95436.84700000001,901410.0,996846.8470000001,0.996846847,-3153.152999999933,-114003.03000000009,12609.0,110849.87700000004,44550.0
2024-09-13,95436.84700000001,899190.0,994626.8470000001,0.994626847,-5373.152999999933,-126483.03000000009,12609.0,121109.87700000004,44550.0
2024-09-18,95436.84700000001,910320.0,1005756.8470000001,1.005756847,5756.847000000067,-131013.03000000009,12609.0,136769.87700000004,44550.0
2024-09-19,95436.84700000001,920220.0,1015656.8470000001,1.015656847,15656.847000000067,-121383.03000000009,12609.0,137039.87700000004,44550.0
2024-09-20,95436.84700000001,925380.0,1020816.8470000001,1.020816847,20816.847000000067,-123243.03000000009,12609.0,144059.87700000004,44550.0
2024-09-23,95436.84700000001,945270.0,1040706.8470000001,1.040706847,40706.84700000007,-117213.03000000009,12609.0,157919.87700000004,44550.0
2024-09-24,95436.84700000001,973440.0,1068876.847,1.068876847,68876.84700000007,-93003.03000000009,12609.0,161879.87700000004,44550.0
2024-09-25,95436.84700000001,997290.0,1092726.847,1.092726847,92726.84700000007,-87783.03000000009,12609.0,180509.87700000004,44550.0
2024-09-26,95436.84700000001,1064970.0,1160406.847,1.160406847,160406.84700000007,-51153.030000000086,12609.0,211559.87700000004,44550.0
2024-09-27,95436.84700000001,1100220.0,1195656.847,1.195656847,195656.84700000007,-10863.030000000086,12609.0,206519.87700000004,44550.0
2024-09-30,95436.84700000001,1172070.0,1267506.847,1.2675068470000002,267506.84700000007,33446.969999999914,12609.0,234059.87700000004,44550.0
2024-10-08,95436.84700000001,1213860.0,1309296.847,1.3092968470000002,309296.84700000007,38066.96999999997,12609.0,271229.87700000004,44550.0
2024-10-09,95436.84700000001,1118130.0,1213566.847,1.213566847,213566.84700000007,-11043.030000000086,12609.0,224609.87700000004,44550.0
2024-10-10,95436.84700000001,1160640.0,1256076.847,1.256076847,256076.84700000007,1856.9699999998556,12609.0,254219.87700000004,44550.0
2024-10-11,95436.84700000001,1139880.0,1235316.847,1.235316847,235316.84700000007,-5133.030000000086,12609.0,240449.87700000004,44550.0
2024-10-14,95436.84700000001,1160280.0,1255716.847,1.255716847,255716.84700000007,-4803.030000000086,12609.0,260519.87700000004,44550.0
2024-10-15,95436.84700000001,1116000.0,1211436.847,1.211436847,211436.84700000007,-22083.030000000086,12609.0,233519.87700000004,44550.0
2024-10-16,95436.84700000001,1102110.0,1197546.847,1.1975468470000001,197546.84700000007,-29133.030000000086,12609.0,226679.87700000004,44550.0
2024-10-17,95436.84700000001,1071570.0,1167006.847,1.1670068470000001,167006.84700000007,-40233.030000000144,12609.0,207239.87700000004,44550.0
2024-10-18,95436.84700000001,1104090.0,1199526.847,1.199526847,199526.84700000007,-25083.030000000086,12609.0,224609.87700000004,44550.0
2024-10-21,95436.84700000001,1095750.0,1191186.847,1.191186847,191186.84700000007,-25053.030000000086,12609.0,216239.87700000004,44550.0
2024-10-22,95436.84700000001,1124820.0,1220256.847,1.2202568470000001,220256.84700000007,-17763.030000000086,12609.0,238019.87700000004,44550.0
2024-10-23,95436.84700000001,1133010.0,1228446.847,1.228446847,228446.84700000007,-8493.030000000086,12609.0,236939.87700000004,44550.0
2024-10-24,95436.84700000001,1120140.0,1215576.847,1.2155768470000001,215576.84700000007,-14703.030000000086,12609.0,230279.87700000004,44550.0
2024-10-25,95436.84700000001,1121760.0,1217196.847,1.217196847,217196.84700000007,-9753.030000000028,12609.0,226949.87700000004,44550.0
2024-10-28,95436.84700000001,1135740.0,1231176.847,1.231176847,231176.84700000007,7826.969999999914,12609.0,223349.87700000004,44550.0
2024-10-29,95436.84700000001,1119030.0,1214466.847,1.214466847,214466.84700000007,-1683.030000000028,12609.0,216149.87699999992,44550.0
2024-10-30,95436.84700000001,1101150.0,1196586.847,1.196586847,196586.84700000007,-7683.030000000028,12609.0,204269.87700000004,44550.0
2024-10-31,95436.84700000001,1083270.0,1178706.847,1.1787068470000002,178706.84700000007,-13593.030000000028,12609.0,192299.87700000004,44550.0
2024-11-01,95436.84700000001,1094010.0,1189446.847,1.1894468470000001,189446.84700000007,-10323.030000000144,12609.0,199769.87700000004,44550.0
2024-11-04,95436.84700000001,1101360.0,1196796.847,1.196796847,196796.84700000007,-8283.030000000086,12609.0,205079.87700000004,44550.0
2024-11-05,95436.84700000001,1116570.0,1212006.847,1.212006847,212006.84700000007,4316.969999999972,12609.0,207689.87700000004,44550.0
2024-11-06,95436.84700000001,1094280.0,1189716.847,1.1897168470000001,189716.84700000007,-333.03000000008615,12609.0,190049.87700000004,44550.0
2024-11-07,95436.84700000001,1135620.0,1231056.847,1.231056847,231056.84700000007,32636.969999999914,12609.0,198419.87700000004,44550.0
2024-11-08,95436.84700000001,1122630.0,1218066.847,1.218066847,218066.84700000007,15326.969999999914,12609.0,202739.87700000004,44550.0
2024-11-11,95436.84700000001,1108860.0,1204296.847,1.2042968470000002,204296.84700000007,10376.969999999914,12609.0,193919.87700000004,44550.0
2024-11-12,95436.84700000001,1114410.0,1209846.847,1.2098468470000001,209846.84700000007,8816.969999999972,12609.0,201029.87700000004,44550.0
2024-11-13,95436.84700000001,1122420.0,1217856.847,1.217856847,217856.84700000007,7736.969999999914,12609.0,210119.87700000004,44550.0
2024-11-14,95436.84700000001,1123230.0,1218666.847,1.2186668470000002,218666.84700000007,6386.969999999914,12609.0,212279.87700000004,44550.0
2024-11-15,95436.84700000001,1104120.0,1199556.847,1.199556847,199556.84700000007,-213.03000000008615,12609.0,199769.87700000004,44550.0
2024-11-18,95436.84700000001,1087440.0,1182876.847,1.1828768470000002,182876.84700000007,-6093.030000000028,12609.0,188969.87700000004,44550.0
2024-11-19,95436.84700000001,1087140.0,1182576.847,1.182576847,182576.84700000007,-8733.030000000144,12609.0,191309.87700000004,44550.0
2024-11-20,95436.84700000001,1091670.0,1187106.847,1.1871068470000001,187106.84700000007,-5283.030000000086,12609.0,192389.87700000015,44550.0
2024-11-21,95436.84700000001,1086060.0,1181496.847,1.181496847,181496.84700000007,-5583.030000000086,12609.0,187079.87700000004,44550.0
2024-11-22,95436.84700000001,1068180.0,1163616.847,1.1636168470000001,163616.84700000007,-19413.030000000144,12609.0,183029.87700000004,44550.0
2024-11-25,95436.84700000001,1064910.0,1160346.847,1.160346847,160346.84700000007,-22683.030000000028,12609.0,183029.87700000004,44550.0
2024-11-26,95436.84700000001,1069800.0,1165236.847,1.165236847,165236.84700000007,-19683.030000000028,12609.0,184919.87700000004,44550.0
2024-11-27,95436.84700000001,1083030.0,1178466.847,1.1784668470000002,178466.84700000007,-12933.030000000028,12609.0,191399.87699999992,44550.0
2024-11-28,95436.84700000001,1063710.0,1159146.847,1.1591468470000001,159146.84700000007,-22083.030000000086,12609.0,181229.87700000004,44550.0
2024-11-29,95436.84700000001,1071480.0,1166916.847,1.166916847,166916.84700000007,-13773.030000000028,12609.0,180689.87700000004,44550.0
2024-12-02,95436.84700000001,1072920.0,1168356.847,1.168356847,168356.84700000007,-11883.030000000086,12609.0,180239.87700000004,44550.0
2024-12-03,95436.84700000001,1069620.0,1165056.847,1.165056847,165056.84700000007,-13113.030000000086,12609.0,178169.87700000004,44550.0
2024-12-04,95436.84700000001,1080600.0,1176036.847,1.176036847,176036.84700000007,-16893.030000000144,12609.0,192929.87700000004,44550.0
2024-12-05,95436.84700000001,1080570.0,1176006.847,1.176006847,176006.84700000007,-18993.030000000086,12609.0,194999.87700000004,44550.0
2024-12-06,95436.84700000001,1094970.0,1190406.847,1.190406847,190406.84700000007,-14763.030000000086,12609.0,205169.87700000004,44550.0
2024-12-09,95436.84700000001,1095450.0,1190886.847,1.190886847,190886.84700000007,-16803.030000000086,12609.0,207689.87700000004,44550.0
2024-12-10,95436.84700000001,1111860.0,1207296.847,1.207296847,207296.84700000007,-6783.030000000086,12609.0,214079.87700000004,44550.0
2024-12-11,95436.84700000001,1124100.0,1219536.847,1.219536847,219536.84700000007,-5883.030000000086,12609.0,225419.87700000004,44550.0
2024-12-12,95436.84700000001,1135500.0,1230936.847,1.2309368470000002,230936.84700000007,1376.9699999999139,12609.0,229559.87700000004,44550.0
2024-12-13,95436.84700000001,1110120.0,1205556.847,1.205556847,205556.84700000007,-9963.030000000086,12609.0,215519.87700000004,44550.0
2024-12-16,95436.84700000001,1092750.0,1188186.847,1.188186847,188186.84700000007,-20313.030000000086,12609.0,208499.87700000004,44550.0
2024-12-17,95436.84700000001,1097700.0,1193136.847,1.1931368470000001,193136.84700000007,-19413.030000000144,12609.0,212549.87700000004,44550.0
2024-12-18,95436.84700000001,1102500.0,1197936.847,1.197936847,197936.84700000007,-18483.030000000144,12609.0,216419.87700000004,44550.0
2024-12-19,95436.84700000001,1100610.0,1196046.847,1.196046847,196046.84700000007,-23433.030000000028,12609.0,219479.87700000004,44550.0
2024-12-20,95436.84700000001,1095630.0,1191066.847,1.191066847,191066.84700000007,-24453.030000000086,12609.0,215519.87700000004,44550.0
2024-12-23,95436.84700000001,1098840.0,1194276.847,1.194276847,194276.84700000007,-26733.030000000144,12609.0,221009.87700000004,44550.0
2024-12-24,95436.84700000001,1116690.0,1212126.847,1.2121268470000002,212126.84700000007,-23643.030000000144,12609.0,235769.87700000004,44550.0
2024-12-25,95436.84700000001,1109100.0,1204536.847,1.204536847,204536.84700000007,-24843.030000000028,12609.0,229379.87700000004,44550.0
2024-12-26,95436.84700000001,1111290.0,1206726.847,1.206726847,206726.84700000007,-26613.030000000086,12609.0,233339.87700000004,44550.0
2024-12-27,95436.84700000001,1106340.0,1201776.847,1.201776847,201776.84700000007,-26523.030000000028,12609.0,228299.87700000004,44550.0
2024-12-30,95436.84700000001,1101510.0,1196946.847,1.196946847,196946.84700000007,-30453.030000000086,12609.0,227399.87699999992,44550.0
2024-12-31,95436.84700000001,1097100.0,1192536.847,1.1925368470000002,192536.84700000007,-33963.030000000086,12609.0,226499.87700000004,44550.0
2025-01-02,95436.84700000001,1088850.0,1184286.847,1.184286847,184286.84700000007,-43113.030000000086,12609.0,227399.87699999992,44550.0
2025-01-03,95436.84700000001,1078410.0,1173846.847,1.173846847,173846.84700000007,-47883.030000000086,12609.0,221729.87700000004,44550.0
2025-01-06,95436.84700000001,1070910.0,1166346.847,1.166346847,166346.84700000007,-61593.03000000003,12609.0,227939.87700000004,44550.0
2025-01-07,95436.84700000001,1075920.0,1171356.847,1.171356847,171356.84700000007,-61533.030000000086,12609.0,232889.87700000015,44550.0
2025-01-08,95436.84700000001,1087320.0,1182756.847,1.182756847,182756.84700000007,-64983.030000000144,12609.0,247739.87700000004,44550.0
2025-01-09,95436.84700000001,1100310.0,1195746.847,1.1957468470000001,195746.84700000007,-62343.03000000003,12609.0,258089.87700000004,44550.0
2025-01-10,95436.84700000001,1073130.0,1168566.847,1.1685668470000001,168566.84700000007,-68283.03000000009,12609.0,236849.87700000004,44550.0
2025-01-13,95436.84700000001,1056300.0,1151736.847,1.151736847,151736.84700000007,-66483.03000000014,12609.0,218219.87700000004,44550.0
2025-01-14,95436.84700000001,1070640.0,1166076.847,1.166076847,166076.84700000007,-55023.03000000003,12609.0,221099.87700000004,44550.0
2025-01-15,95436.84700000001,1062690.0,1158126.847,1.1581268470000001,158126.84700000007,-55773.03000000003,12609.0,213899.87699999992,44550.0
2025-01-16,95436.84700000001,1061250.0,1156686.847,1.156686847,156686.84700000007,-59643.030000000144,12609.0,216329.87700000004,44550.0
2025-01-17,95436.84700000001,1066050.0,1161486.847,1.1614868470000002,161486.84700000007,-57183.03000000003,12609.0,218669.87700000004,44550.0
2025-01-20,95436.84700000001,1076910.0,1172346.847,1.172346847,172346.84700000007,-51183.03000000003,12609.0,223529.87700000004,44550.0
2025-01-21,95436.84700000001,1069770.0,1165206.847,1.165206847,165206.84700000007,-53913.030000000144,12609.0,219119.87700000004,44550.0
2025-01-22,95436.84700000001,1048050.0,1143486.847,1.1434868470000001,143486.84700000007,-63033.030000000086,12609.0,206519.87700000004,44550.0
2025-01-23,102392.047,1046640.0,1149032.047,1.149032047,149032.04700000002,-61177.83000000009,19564.2,210209.87700000004,44550.0
2025-01-24,102392.047,1038539.9999999999,1140932.0469999998,1.1409320469999997,140932.0469999998,-63967.83000000009,19564.2,204899.87699999992,44550.0
2025-01-27,102392.047,1046520.0,1148912.047,1.148912047,148912.04700000002,-65527.83000000009,19564.2,214439.87700000004,44550.0
2025-02-05,102392.047,1024920.0,1127312.047,1.127312047,127312.04700000002,-72097.83000000009,19564.2,199409.87700000004,44550.0
2025-02-06,102392.047,1028130.0,1130522.047,1.130522047,130522.04700000002,-69427.83000000009,19564.2,199949.87700000004,44550.0
2025-02-07,102392.047,1043850.0,1146242.047,1.146242047,146242.04700000002,-64237.83000000009,19564.2,210479.87700000004,44550.0
2025-02-10,102392.047,1039680.0,1142072.047,1.142072047,142072.04700000002,-64537.83000000009,19564.2,206609.87700000004,44550.0
2025-02-11,102392.047,1042080.0,1144472.047,1.144472047,144472.04700000002,-68347.83000000009,19564.2,212819.87700000004,44550.0
2025-02-12,102392.047,1042620.0,1145012.047,1.145012047,145012.04700000002,-64027.83000000009,19564.2,209039.87700000004,44550.0
2025-02-13,102392.047,1043790.0,1146182.047,1.146182047,146182.04700000002,-52597.83000000009,19564.2,198779.87700000004,44550.0
2025-02-14,102392.047,1046100.0,1148492.047,1.148492047,148492.04700000002,-53437.83000000015,19564.2,201929.87700000004,44550.0
2025-02-17,102392.047,1043010.0,1145402.047,1.145402047,145402.04700000002,-52477.83000000003,19564.2,197879.87700000004,44550.0
2025-02-18,102392.047,1037700.0,1140092.047,1.140092047,140092.04700000002,-56527.83000000015,19564.2,196619.87700000004,44550.0
2025-02-19,102392.047,1036380.0,1138772.047,1.138772047,138772.04700000002,-53797.83000000003,19564.2,192569.87700000004,44550.0
2025-02-20,102392.047,1032570.0,1134962.047,1.134962047,134962.04700000002,-55627.83000000009,19564.2,190589.87700000004,44550.0
2025-02-21,102392.047,1028670.0,1131062.047,1.1310620470000001,131062.04700000002,-53767.83000000009,19564.2,184829.87700000004,44550.0
2025-02-24,102392.047,1033710.0,1136102.047,1.136102047,136102.04700000002,-51427.83000000009,19564.2,187529.87700000004,44550.0
2025-02-25,102392.047,1007520.0,1109912.047,1.1099120470000001,109912.04700000002,-60877.83000000009,19564.2,170789.87700000004,44550.0
2025-02-26,102392.047,1020480.0,1122872.047,1.122872047,122872.04700000002,-57727.83000000003,19564.2,180599.87700000004,44550.0
2025-02-27,102392.047,1050570.0,1152962.047,1.152962047,152962.04700000002,-48877.83000000009,19564.2,201839.87700000004,44550.0
2025-02-28,102392.047,1052190.0,1154582.047,1.1545820470000001,154582.04700000002,-52387.83000000003,19564.2,206969.87700000004,44550.0
2025-03-03,102392.047,1031520.0,1133912.047,1.133912047,133912.04700000002,-54607.83000000009,19564.2,188519.87700000004,44550.0
2025-03-04,102392.047,1036980.0,1139372.047,1.139372047,139372.04700000002,-57877.83000000009,19564.2,197249.87700000004,44550.0
2025-03-05,102392.047,1031580.0,1133972.047,1.133972047,133972.04700000002,-61297.83000000003,19564.2,195269.87700000004,44550.0
2025-03-06,102392.047,1035300.0,1137692.047,1.137692047,137692.04700000002,-52087.83000000009,19564.2,189779.87700000004,44550.0
2025-03-07,102392.047,1041510.0,1143902.047,1.143902047,143902.04700000002,-42727.83000000003,19564.2,186629.87700000004,44550.0
2025-03-10,102392.047,1037699.9999999999,1140092.0469999998,1.1400920469999998,140092.0469999998,-49057.83000000009,19564.2,189149.87699999992,44550.0
2025-03-11,102392.047,1043970.0,1146362.047,1.146362047,146362.04700000002,-41527.83000000015,19564.2,187889.87700000015,44550.0
2025-03-12,102392.047,1029810.0,1132202.047,1.132202047,132202.04700000002,-48217.83000000009,19564.2,180419.87700000004,44550.0
2025-03-13,102392.047,1027260.0,1129652.047,1.129652047,129652.04700000002,-49957.83000000015,19564.2,179609.87700000004,44550.0
2025-03-14,102392.047,1069230.0,1171622.047,1.171622047,171622.04700000002,-24727.830000000027,19564.2,196349.87700000004,44550.0
2025-03-17,102392.047,1066440.0,1168832.047,1.168832047,168832.04700000002,-27607.830000000085,19564.2,196439.87700000004,44550.0
2025-03-18,102392.047,1093470.0,1195862.047,1.195862047,195862.04700000002,-28477.830000000027,19564.2,224339.87700000004,44550.0
2025-03-19,102392.047,1105350.0,1207742.047,1.207742047,207742.04700000002,-30367.830000000144,19564.2,238109.87700000004,44550.0
2025-03-20,102392.047,1084500.0,1186892.047,1.186892047,186892.04700000002,-39157.83000000009,19564.2,226049.87700000004,44550.0
2025-03-21,102392.047,1081320.0,1183712.047,1.183712047,183712.04700000002,-43327.83000000009,19564.2,227039.87700000004,44550.0
2025-03-24,102392.047,1087470.0,1189862.047,1.189862047,189862.04700000002,-44197.83000000009,19564.2,234059.87700000004,44550.0
2025-03-25,102392.047,1092420.0,1194812.047,1.194812047,194812.04700000002,-46447.83000000009,19564.2,241259.87700000004,44550.0
2025-03-26,102392.047,1091160.0,1193552.047,1.193552047,193552.04700000002,-47077.83000000009,19564.2,240629.87700000004,44550.0
2025-03-27,102392.047,1090200.0,1192592.047,1.192592047,192592.04700000002,-45427.83000000009,19564.2,238019.87700000004,44550.0
2025-03-28,102392.047,1091520.0,1193912.047,1.193912047,193912.04700000002,-47437.83000000015,19564.2,241349.87700000004,44550.0
2025-03-31,102392.047,1100550.0,1202942.047,1.202942047,202942.04700000002,-53077.83000000009,19564.2,256019.87700000004,44550.0
2025-04-01,102392.047,1073880.0,1176272.047,1.176272047,176272.04700000002,-51757.83000000009,19564.2,228029.87700000004,44550.0
2025-04-02,102392.047,1077090.0,1179482.047,1.179482047,179482.04700000002,-53677.83000000009,19564.2,233159.87700000004,44550.0
2025-04-03,102392.047,1056240.0,1158632.047,1.158632047,158632.04700000002,-51127.83000000009,19564.2,209759.87700000004,44550.0
2025-04-07,102392.047,984960.0000000001,1087352.047,1.087352047,87352.04700000002,-66787.83000000009,19564.2,154139.87700000015,44550.0
2025-04-08,102392.047,1024350.0,1126742.047,1.126742047,126742.04700000002,-54847.83000000009,19564.2,181589.87700000004,44550.0
2025-04-09,102392.047,1023780.0,1126172.047,1.126172047,126172.04700000002,-50377.83000000009,19564.2,176549.87700000004,44550.0
2025-04-10,102392.047,1039260.0,1141652.047,1.141652047,141652.04700000002,-47677.83000000009,19564.2,189329.87700000004,44550.0
2025-04-11,102392.047,1029210.0,1131602.047,1.131602047,131602.04700000002,-52327.83000000009,19564.2,183929.87700000004,44550.0
2025-04-14,102392.047,1022400.0,1124792.047,1.1247920470000001,124792.04700000002,-54007.83000000009,19564.2,178799.87700000004,44550.0
2025-04-15,102392.047,1037370.0,1139762.047,1.139762047,139762.04700000002,-53077.83000000009,19564.2,192839.87700000004,44550.0
2025-04-16,102392.047,1035900.0,1138292.047,1.138292047,138292.04700000002,-50227.83000000003,19564.2,188519.87700000004,44550.0
2025-04-17,102392.047,1036140.0,1138532.047,1.138532047,138532.04700000002,-49537.83000000009,19564.2,188069.87700000004,44550.0
2025-04-18,102392.047,1033530.0,1135922.047,1.135922047,135922.04700000002,-51877.83000000009,19564.2,187799.87700000004,44550.0
2025-04-21,102392.047,1033530.0,1135922.047,1.135922047,135922.04700000002,-56107.83000000009,19564.2,192029.87700000004,44550.0
2025-04-22,102392.047,1035780.0,1138172.047,1.138172047,138172.04700000002,-56827.83000000009,19564.2,194999.87700000004,44550.0
2025-04-23,102392.047,1036560.0,1138952.047,1.138952047,138952.04700000002,-57217.83000000009,19564.2,196169.87700000004,44550.0
2025-04-24,102392.047,1043730.0,1146122.047,1.146122047,146122.04700000002,-59947.83000000009,19564.2,206069.87700000004,44550.0
2025-04-25,102392.047,1041900.0,1144292.047,1.144292047,144292.04700000002,-59977.83000000003,19564.2,204269.87700000004,44550.0
2025-04-28,102392.047,1051620.0,1154012.047,1.154012047,154012.04700000002,-54577.83000000009,19564.2,208589.87700000004,44550.0
2025-04-29,102392.047,1056450.0,1158842.047,1.158842047,158842.04700000002,-58477.83000000003,19564.2,217319.87700000004,44550.0
2025-04-30,102392.047,1048680.0,1151072.047,1.151072047,151072.04700000002,-61027.83000000015,19564.2,212099.87700000004,44550.0
2025-05-06,102392.047,1054920.0,1157312.047,1.157312047,157312.04700000002,-58657.83000000009,19564.2,215969.87700000004,44550.0
2025-05-07,102392.047,1059210.0,1161602.047,1.161602047,161602.04700000002,-57157.83000000009,19564.2,218759.87700000004,44550.0
2025-05-08,102392.047,1070400.0,1172792.047,1.172792047,172792.04700000002,-51727.83000000003,19564.2,224519.87700000004,44550.0
2025-05-09,102392.047,1076940.0,1179332.047,1.179332047,179332.04700000002,-52387.83000000003,19564.2,231719.87700000004,44550.0
2025-05-12,102392.047,1088130.0,1190522.047,1.190522047,190522.04700000002,-48217.83000000009,19564.2,238739.87700000004,44550.0
2025-05-13,102392.047,1092960.0,1195352.047,1.195352047,195352.04700000002,-48157.83000000009,19564.2,243509.87700000004,44550.0
2025-05-14,102392.047,1099590.0,1201982.047,1.201982047,201982.04700000002,-41347.83000000009,19564.2,243329.87700000004,44550.0
2025-05-15,102392.047,1089510.0,1191902.047,1.1919020470000001,191902.04700000002,-46117.83000000015,19564.2,238019.87700000004,44550.0
2025-05-16,102392.047,1082640.0,1185032.047,1.185032047,185032.04700000002,-53887.83000000003,19564.2,238919.87700000004,44550.0
2025-05-19,102392.047,1086120.0,1188512.047,1.1885120470000001,188512.04700000002,-59227.83000000003,19564.2,247739.87700000004,44550.0
2025-05-20,102392.047,1095420.0,1197812.047,1.197812047,197812.04700000002,-59737.83000000009,19564.2,257549.87700000004,44550.0
2025-05-21,102392.047,1096980.0,1199372.047,1.199372047,199372.04700000002,-59347.83000000009,19564.2,258719.87700000004,44550.0
2025-05-22,102392.047,1101510.0,1203902.047,1.203902047,203902.04700000002,-59857.83000000009,19564.2,263759.87700000004,44550.0
2025-05-23,102392.047,1094460.0,1196852.047,1.196852047,196852.04700000002,-62677.83000000009,19564.2,259529.87700000004,44550.0
2025-05-26,102392.047,1083660.0,1186052.047,1.186052047,186052.04700000002,-67897.83000000009,19564.2,253949.87700000004,44550.0
2025-05-27,102392.047,1084800.0,1187192.047,1.187192047,187192.04700000002,-68647.83000000009,19564.2,255839.87700000004,44550.0
2025-05-28,102392.047,1094640.0,1197032.047,1.197032047,197032.04700000002,-66367.83000000009,19564.2,263399.8769999999,44550.0
2025-05-29,102392.047,1092780.0,1195172.047,1.195172047,195172.04700000002,-65167.83000000009,19564.2,260339.87700000004,44550.0
2025-05-30,102392.047,1090860.0,1193252.047,1.193252047,193252.04700000002,-67807.83000000009,19564.2,261059.87700000004,44550.0
2025-06-03,102392.047,1057230.0,1159622.047,1.159622047,159622.04700000002,-73087.83000000009,19564.2,232709.87700000004,44550.0
2025-06-04,102392.047,1053690.0,1156082.047,1.156082047,156082.04700000002,-73477.83000000009,19564.2,229559.87700000004,44550.0
2025-06-05,102392.047,1052340.0,1154732.047,1.154732047,154732.04700000002,-72037.83000000009,19564.2,226769.87700000004,44550.0
2025-06-06,102392.047,1056570.0,1158962.047,1.158962047,158962.04700000002,-71857.83000000009,19564.2,230819.87700000004,44550.0
2025-06-09,102392.047,1053480.0,1155872.047,1.1558720470000001,155872.04700000002,-72247.83000000009,19564.2,228119.87700000004,44550.0
2025-06-10,102392.047,1048620.0,1151012.047,1.151012047,151012.04700000002,-73957.83000000009,19564.2,224969.87700000004,44550.0
2025-06-11,102392.047,1053510.0,1155902.047,1.155902047,155902.04700000002,-73027.83000000009,19564.2,228929.87700000004,44550.0
2025-06-12,130742.047,1017300.0,1148042.047,1.1480420470000001,148042.04700000002,-79627.83000000009,19564.2,227669.87700000004,72900.0
