date,cash,positions_value,total_value,net_value,return,002466return,002466dividend,002602return,002602dividend,002460return,002460dividend,000858return,000858dividend
20230103,5000000.0,0.0,5000000.0,1.0,0.0,0.0,0.0,0.0,0,0.0,0.0,0.0,0.0
20230104,5000000.0,0.0,5000000.0,1.0,0.0,0.0,0.0,0.0,0,0.0,0.0,0.0,0.0
20230105,5000000.0,0.0,5000000.0,1.0,0.0,0.0,0.0,0.0,0,0.0,0.0,0.0,0.0
20230106,5000000.0,0.0,5000000.0,1.0,0.0,0.0,0.0,0.0,0,0.0,0.0,0.0,0.0
20230109,5000000.0,0.0,5000000.0,1.0,0.0,0.0,0.0,0.0,0,0.0,0.0,0.0,0.0
20230110,5000000.0,0.0,5000000.0,1.0,0.0,0.0,0.0,0.0,0,0.0,0.0,0.0,0.0
20230111,5000000.0,0.0,5000000.0,1.0,0.0,0.0,0.0,0.0,0,0.0,0.0,0.0,0.0
20230112,5000000.0,0.0,5000000.0,1.0,0.0,0.0,0.0,0.0,0,0.0,0.0,0.0,0.0
20230113,5000000.0,0.0,5000000.0,1.0,0.0,0.0,0.0,0.0,0,0.0,0.0,0.0,0.0
20230116,5000000.0,0.0,5000000.0,1.0,0.0,0.0,0.0,0.0,0,0.0,0.0,0.0,0.0
20230117,5000000.0,0.0,5000000.0,1.0,0.0,0.0,0.0,0.0,0,0.0,0.0,0.0,0.0
20230118,5000000.0,0.0,5000000.0,1.0,0.0,0.0,0.0,0.0,0,0.0,0.0,0.0,0.0
20230119,5000000.0,0.0,5000000.0,1.0,0.0,0.0,0.0,0.0,0,0.0,0.0,0.0,0.0
20230120,5000000.0,0.0,5000000.0,1.0,0.0,0.0,0.0,0.0,0,0.0,0.0,0.0,0.0
20230130,5000000.0,0.0,5000000.0,1.0,0.0,0.0,0.0,0.0,0,0.0,0.0,0.0,0.0
20230131,5000000.0,0.0,5000000.0,1.0,0.0,0.0,0.0,0.0,0,0.0,0.0,0.0,0.0
20230201,5000000.0,0.0,5000000.0,1.0,0.0,0.0,0.0,0.0,0,0.0,0.0,0.0,0.0
20230202,5000000.0,0.0,5000000.0,1.0,0.0,0.0,0.0,0.0,0,0.0,0.0,0.0,0.0
20230203,5000000.0,0.0,5000000.0,1.0,0.0,0.0,0.0,0.0,0,0.0,0.0,0.0,0.0
20230206,5000000.0,0.0,5000000.0,1.0,0.0,0.0,0.0,0.0,0,0.0,0.0,0.0,0.0
20230207,5000000.0,0.0,5000000.0,1.0,0.0,0.0,0.0,0.0,0,0.0,0.0,0.0,0.0
20230208,5000000.0,0.0,5000000.0,1.0,0.0,0.0,0.0,0.0,0,0.0,0.0,0.0,0.0
20230209,5000000.0,0.0,5000000.0,1.0,0.0,0.0,0.0,0.0,0,0.0,0.0,0.0,0.0
20230210,5000000.0,0.0,5000000.0,1.0,0.0,0.0,0.0,0.0,0,0.0,0.0,0.0,0.0
20230213,5000000.0,0.0,5000000.0,1.0,0.0,0.0,0.0,0.0,0,0.0,0.0,0.0,0.0
20230214,5000000.0,0.0,5000000.0,1.0,0.0,0.0,0.0,0.0,0,0.0,0.0,0.0,0.0
20230215,5000000.0,0.0,5000000.0,1.0,0.0,0.0,0.0,0.0,0,0.0,0.0,0.0,0.0
20230216,5000000.0,0.0,5000000.0,1.0,0.0,0.0,0.0,0.0,0,0.0,0.0,0.0,0.0
20230217,5000000.0,0.0,5000000.0,1.0,0.0,0.0,0.0,0.0,0,0.0,0.0,0.0,0.0
20230220,5000000.0,0.0,5000000.0,1.0,0.0,0.0,0.0,0.0,0,0.0,0.0,0.0,0.0
20230221,5000000.0,0.0,5000000.0,1.0,0.0,0.0,0.0,0.0,0,0.0,0.0,0.0,0.0
20230222,5000000.0,0.0,5000000.0,1.0,0.0,0.0,0.0,0.0,0,0.0,0.0,0.0,0.0
20230223,5000000.0,0.0,5000000.0,1.0,0.0,0.0,0.0,0.0,0,0.0,0.0,0.0,0.0
20230224,5000000.0,0.0,5000000.0,1.0,0.0,0.0,0.0,0.0,0,0.0,0.0,0.0,0.0
20230227,5000000.0,0.0,5000000.0,1.0,0.0,0.0,0.0,0.0,0,0.0,0.0,0.0,0.0
20230228,5000000.0,0.0,5000000.0,1.0,0.0,0.0,0.0,0.0,0,0.0,0.0,0.0,0.0
20230301,5000000.0,0.0,5000000.0,1.0,0.0,0.0,0.0,0.0,0,0.0,0.0,0.0,0.0
20230302,5000000.0,0.0,5000000.0,1.0,0.0,0.0,0.0,0.0,0,0.0,0.0,0.0,0.0
20230303,5000000.0,0.0,5000000.0,1.0,0.0,0.0,0.0,0.0,0,0.0,0.0,0.0,0.0
20230306,5000000.0,0.0,5000000.0,1.0,0.0,0.0,0.0,0.0,0,0.0,0.0,0.0,0.0
20230307,5000000.0,0.0,5000000.0,1.0,0.0,0.0,0.0,0.0,0,0.0,0.0,0.0,0.0
20230308,5000000.0,0.0,5000000.0,1.0,0.0,0.0,0.0,0.0,0,0.0,0.0,0.0,0.0
20230309,5000000.0,0.0,5000000.0,1.0,0.0,0.0,0.0,0.0,0,0.0,0.0,0.0,0.0
20230310,5000000.0,0.0,5000000.0,1.0,0.0,0.0,0.0,0.0,0,0.0,0.0,0.0,0.0
20230313,5000000.0,0.0,5000000.0,1.0,0.0,0.0,0.0,0.0,0,0.0,0.0,0.0,0.0
20230314,5000000.0,0.0,5000000.0,1.0,0.0,0.0,0.0,0.0,0,0.0,0.0,0.0,0.0
20230315,5000000.0,0.0,5000000.0,1.0,0.0,0.0,0.0,0.0,0,0.0,0.0,0.0,0.0
20230316,5000000.0,0.0,5000000.0,1.0,0.0,0.0,0.0,0.0,0,0.0,0.0,0.0,0.0
20230317,5000000.0,0.0,5000000.0,1.0,0.0,0.0,0.0,0.0,0,0.0,0.0,0.0,0.0
20230320,5000000.0,0.0,5000000.0,1.0,0.0,0.0,0.0,0.0,0,0.0,0.0,0.0,0.0
20230321,5000000.0,0.0,5000000.0,1.0,0.0,0.0,0.0,0.0,0,0.0,0.0,0.0,0.0
20230322,5000000.0,0.0,5000000.0,1.0,0.0,0.0,0.0,0.0,0,0.0,0.0,0.0,0.0
20230323,5000000.0,0.0,5000000.0,1.0,0.0,0.0,0.0,0.0,0,0.0,0.0,0.0,0.0
20230324,5000000.0,0.0,5000000.0,1.0,0.0,0.0,0.0,0.0,0,0.0,0.0,0.0,0.0
20230327,5000000.0,0.0,5000000.0,1.0,0.0,0.0,0.0,0.0,0,0.0,0.0,0.0,0.0
20230328,5000000.0,0.0,5000000.0,1.0,0.0,0.0,0.0,0.0,0,0.0,0.0,0.0,0.0
20230329,5000000.0,0.0,5000000.0,1.0,0.0,0.0,0.0,0.0,0,0.0,0.0,0.0,0.0
20230330,5000000.0,0.0,5000000.0,1.0,0.0,0.0,0.0,0.0,0,0.0,0.0,0.0,0.0
20230331,5000000.0,0.0,5000000.0,1.0,0.0,0.0,0.0,0.0,0,0.0,0.0,0.0,0.0
20230403,5000000.0,0.0,5000000.0,1.0,0.0,0.0,0.0,0.0,0,0.0,0.0,0.0,0.0
20230404,5000000.0,0.0,5000000.0,1.0,0.0,0.0,0.0,0.0,0,0.0,0.0,0.0,0.0
20230406,5000000.0,0.0,5000000.0,1.0,0.0,0.0,0.0,0.0,0,0.0,0.0,0.0,0.0
20230407,5000000.0,0.0,5000000.0,1.0,0.0,0.0,0.0,0.0,0,0.0,0.0,0.0,0.0
20230410,5000000.0,0.0,5000000.0,1.0,0.0,0.0,0.0,0.0,0,0.0,0.0,0.0,0.0
20230411,5000000.0,0.0,5000000.0,1.0,0.0,0.0,0.0,0.0,0,0.0,0.0,0.0,0.0
20230412,5000000.0,0.0,5000000.0,1.0,0.0,0.0,0.0,0.0,0,0.0,0.0,0.0,0.0
20230413,5000000.0,0.0,5000000.0,1.0,0.0,0.0,0.0,0.0,0,0.0,0.0,0.0,0.0
20230414,5000000.0,0.0,5000000.0,1.0,0.0,0.0,0.0,0.0,0,0.0,0.0,0.0,0.0
20230417,5000000.0,0.0,5000000.0,1.0,0.0,0.0,0.0,0.0,0,0.0,0.0,0.0,0.0
20230418,5000000.0,0.0,5000000.0,1.0,0.0,0.0,0.0,0.0,0,0.0,0.0,0.0,0.0
20230419,5000000.0,0.0,5000000.0,1.0,0.0,0.0,0.0,0.0,0,0.0,0.0,0.0,0.0
20230420,5000000.0,0.0,5000000.0,1.0,0.0,0.0,0.0,0.0,0,0.0,0.0,0.0,0.0
20230421,5000000.0,0.0,5000000.0,1.0,0.0,0.0,0.0,0.0,0,0.0,0.0,0.0,0.0
20230424,5000000.0,0.0,5000000.0,1.0,0.0,0.0,0.0,0.0,0,0.0,0.0,0.0,0.0
20230425,5000000.0,0.0,5000000.0,1.0,0.0,0.0,0.0,0.0,0,0.0,0.0,0.0,0.0
20230426,5000000.0,0.0,5000000.0,1.0,0.0,0.0,0.0,0.0,0,0.0,0.0,0.0,0.0
20230427,5000000.0,0.0,5000000.0,1.0,0.0,0.0,0.0,0.0,0,0.0,0.0,0.0,0.0
20230428,5000000.0,0.0,5000000.0,1.0,0.0,0.0,0.0,0.0,0,0.0,0.0,0.0,0.0
20230504,5000000.0,0.0,5000000.0,1.0,0.0,0.0,0.0,0.0,0,0.0,0.0,0.0,0.0
20230505,5000000.0,0.0,5000000.0,1.0,0.0,0.0,0.0,0.0,0,0.0,0.0,0.0,0.0
20230508,5000000.0,0.0,5000000.0,1.0,0.0,0.0,0.0,0.0,0,0.0,0.0,0.0,0.0
20230509,5000000.0,0.0,5000000.0,1.0,0.0,0.0,0.0,0.0,0,0.0,0.0,0.0,0.0
20230510,5000000.0,0.0,5000000.0,1.0,0.0,0.0,0.0,0.0,0,0.0,0.0,0.0,0.0
20230511,5000000.0,0.0,5000000.0,1.0,0.0,0.0,0.0,0.0,0,0.0,0.0,0.0,0.0
20230512,5000000.0,0.0,5000000.0,1.0,0.0,0.0,0.0,0.0,0,0.0,0.0,0.0,0.0
20230515,5000000.0,0.0,5000000.0,1.0,0.0,0.0,0.0,0.0,0,0.0,0.0,0.0,0.0
20230516,5000000.0,0.0,5000000.0,1.0,0.0,0.0,0.0,0.0,0,0.0,0.0,0.0,0.0
20230517,5000000.0,0.0,5000000.0,1.0,0.0,0.0,0.0,0.0,0,0.0,0.0,0.0,0.0
20230518,5000000.0,0.0,5000000.0,1.0,0.0,0.0,0.0,0.0,0,0.0,0.0,0.0,0.0
20230519,5000000.0,0.0,5000000.0,1.0,0.0,0.0,0.0,0.0,0,0.0,0.0,0.0,0.0
20230522,5000000.0,0.0,5000000.0,1.0,0.0,0.0,0.0,0.0,0,0.0,0.0,0.0,0.0
20230523,5000000.0,0.0,5000000.0,1.0,0.0,0.0,0.0,0.0,0,0.0,0.0,0.0,0.0
20230524,5000000.0,0.0,5000000.0,1.0,0.0,0.0,0.0,0.0,0,0.0,0.0,0.0,0.0
20230525,5000000.0,0.0,5000000.0,1.0,0.0,0.0,0.0,0.0,0,0.0,0.0,0.0,0.0
20230526,5000000.0,0.0,5000000.0,1.0,0.0,0.0,0.0,0.0,0,0.0,0.0,0.0,0.0
20230529,5000000.0,0.0,5000000.0,1.0,0.0,0.0,0.0,0.0,0,0.0,0.0,0.0,0.0
20230530,5000000.0,0.0,5000000.0,1.0,0.0,0.0,0.0,0.0,0,0.0,0.0,0.0,0.0
20230531,5000000.0,0.0,5000000.0,1.0,0.0,0.0,0.0,0.0,0,0.0,0.0,0.0,0.0
20230601,5000000.0,0.0,5000000.0,1.0,0.0,0.0,0.0,0.0,0,0.0,0.0,0.0,0.0
20230602,5000000.0,0.0,5000000.0,1.0,0.0,0.0,0.0,0.0,0,0.0,0.0,0.0,0.0
20230605,5000000.0,0.0,5000000.0,1.0,0.0,0.0,0.0,0.0,0,0.0,0.0,0.0,0.0
20230606,5000000.0,0.0,5000000.0,1.0,0.0,0.0,0.0,0.0,0,0.0,0.0,0.0,0.0
20230607,5000000.0,0.0,5000000.0,1.0,0.0,0.0,0.0,0.0,0,0.0,0.0,0.0,0.0
20230608,5000000.0,0.0,5000000.0,1.0,0.0,0.0,0.0,0.0,0,0.0,0.0,0.0,0.0
20230609,5000000.0,0.0,5000000.0,1.0,0.0,0.0,0.0,0.0,0,0.0,0.0,0.0,0.0
20230612,5000000.0,0.0,5000000.0,1.0,0.0,0.0,0.0,0.0,0,0.0,0.0,0.0,0.0
20230613,5000000.0,0.0,5000000.0,1.0,0.0,0.0,0.0,0.0,0,0.0,0.0,0.0,0.0
20230614,5000000.0,0.0,5000000.0,1.0,0.0,0.0,0.0,0.0,0,0.0,0.0,0.0,0.0
20230615,5000000.0,0.0,5000000.0,1.0,0.0,0.0,0.0,0.0,0,0.0,0.0,0.0,0.0
20230616,5000000.0,0.0,5000000.0,1.0,0.0,0.0,0.0,0.0,0,0.0,0.0,0.0,0.0
20230619,5000000.0,0.0,5000000.0,1.0,0.0,0.0,0.0,0.0,0,0.0,0.0,0.0,0.0
20230620,5000000.0,0.0,5000000.0,1.0,0.0,0.0,0.0,0.0,0,0.0,0.0,0.0,0.0
20230621,5000000.0,0.0,5000000.0,1.0,0.0,0.0,0.0,0.0,0,0.0,0.0,0.0,0.0
20230626,5000000.0,0.0,5000000.0,1.0,0.0,0.0,0.0,0.0,0,0.0,0.0,0.0,0.0
20230627,5000000.0,0.0,5000000.0,1.0,0.0,0.0,0.0,0.0,0,0.0,0.0,0.0,0.0
20230628,5000000.0,0.0,5000000.0,1.0,0.0,0.0,0.0,0.0,0,0.0,0.0,0.0,0.0
20230629,5000000.0,0.0,5000000.0,1.0,0.0,0.0,0.0,0.0,0,0.0,0.0,0.0,0.0
20230630,5000000.0,0.0,5000000.0,1.0,0.0,0.0,0.0,0.0,0,0.0,0.0,0.0,0.0
20230703,5000000.0,0.0,5000000.0,1.0,0.0,0.0,0.0,0.0,0,0.0,0.0,0.0,0.0
20230704,5000000.0,0.0,5000000.0,1.0,0.0,0.0,0.0,0.0,0,0.0,0.0,0.0,0.0
20230705,5000000.0,0.0,5000000.0,1.0,0.0,0.0,0.0,0.0,0,0.0,0.0,0.0,0.0
20230706,5000000.0,0.0,5000000.0,1.0,0.0,0.0,0.0,0.0,0,0.0,0.0,0.0,0.0
20230707,5000000.0,0.0,5000000.0,1.0,0.0,0.0,0.0,0.0,0,0.0,0.0,0.0,0.0
20230710,5000000.0,0.0,5000000.0,1.0,0.0,0.0,0.0,0.0,0,0.0,0.0,0.0,0.0
20230711,5000000.0,0.0,5000000.0,1.0,0.0,0.0,0.0,0.0,0,0.0,0.0,0.0,0.0
20230712,5000000.0,0.0,5000000.0,1.0,0.0,0.0,0.0,0.0,0,0.0,0.0,0.0,0.0
20230713,5000000.0,0.0,5000000.0,1.0,0.0,0.0,0.0,0.0,0,0.0,0.0,0.0,0.0
20230714,5000000.0,0.0,5000000.0,1.0,0.0,0.0,0.0,0.0,0,0.0,0.0,0.0,0.0
20230717,5000000.0,0.0,5000000.0,1.0,0.0,0.0,0.0,0.0,0,0.0,0.0,0.0,0.0
20230718,5000000.0,0.0,5000000.0,1.0,0.0,0.0,0.0,0.0,0,0.0,0.0,0.0,0.0
20230719,5000000.0,0.0,5000000.0,1.0,0.0,0.0,0.0,0.0,0,0.0,0.0,0.0,0.0
20230720,5000000.0,0.0,5000000.0,1.0,0.0,0.0,0.0,0.0,0,0.0,0.0,0.0,0.0
20230721,5000000.0,0.0,5000000.0,1.0,0.0,0.0,0.0,0.0,0,0.0,0.0,0.0,0.0
20230724,5000000.0,0.0,5000000.0,1.0,0.0,0.0,0.0,0.0,0,0.0,0.0,0.0,0.0
20230725,5000000.0,0.0,5000000.0,1.0,0.0,0.0,0.0,0.0,0,0.0,0.0,0.0,0.0
20230726,5000000.0,0.0,5000000.0,1.0,0.0,0.0,0.0,0.0,0,0.0,0.0,0.0,0.0
20230727,5000000.0,0.0,5000000.0,1.0,0.0,0.0,0.0,0.0,0,0.0,0.0,0.0,0.0
20230728,5000000.0,0.0,5000000.0,1.0,0.0,0.0,0.0,0.0,0,0.0,0.0,0.0,0.0
20230731,5000000.0,0.0,5000000.0,1.0,0.0,0.0,0.0,0.0,0,0.0,0.0,0.0,0.0
20230801,5000000.0,0.0,5000000.0,1.0,0.0,0.0,0.0,0.0,0,0.0,0.0,0.0,0.0
20230802,5000000.0,0.0,5000000.0,1.0,0.0,0.0,0.0,0.0,0,0.0,0.0,0.0,0.0
20230803,5000000.0,0.0,5000000.0,1.0,0.0,0.0,0.0,0.0,0,0.0,0.0,0.0,0.0
20230804,5000000.0,0.0,5000000.0,1.0,0.0,0.0,0.0,0.0,0,0.0,0.0,0.0,0.0
20230807,5000000.0,0.0,5000000.0,1.0,0.0,0.0,0.0,0.0,0,0.0,0.0,0.0,0.0
20230808,5000000.0,0.0,5000000.0,1.0,0.0,0.0,0.0,0.0,0,0.0,0.0,0.0,0.0
20230809,5000000.0,0.0,5000000.0,1.0,0.0,0.0,0.0,0.0,0,0.0,0.0,0.0,0.0
20230810,5000000.0,0.0,5000000.0,1.0,0.0,0.0,0.0,0.0,0,0.0,0.0,0.0,0.0
20230811,5000000.0,0.0,5000000.0,1.0,0.0,0.0,0.0,0.0,0,0.0,0.0,0.0,0.0
20230814,5000000.0,0.0,5000000.0,1.0,0.0,0.0,0.0,0.0,0,0.0,0.0,0.0,0.0
20230815,5000000.0,0.0,5000000.0,1.0,0.0,0.0,0.0,0.0,0,0.0,0.0,0.0,0.0
20230816,5000000.0,0.0,5000000.0,1.0,0.0,0.0,0.0,0.0,0,0.0,0.0,0.0,0.0
20230817,5000000.0,0.0,5000000.0,1.0,0.0,0.0,0.0,0.0,0,0.0,0.0,0.0,0.0
20230818,5000000.0,0.0,5000000.0,1.0,0.0,0.0,0.0,0.0,0,0.0,0.0,0.0,0.0
20230821,5000000.0,0.0,5000000.0,1.0,0.0,0.0,0.0,0.0,0,0.0,0.0,0.0,0.0
20230822,5000000.0,0.0,5000000.0,1.0,0.0,0.0,0.0,0.0,0,0.0,0.0,0.0,0.0
20230823,5000000.0,0.0,5000000.0,1.0,0.0,0.0,0.0,0.0,0,0.0,0.0,0.0,0.0
20230824,5000000.0,0.0,5000000.0,1.0,0.0,0.0,0.0,0.0,0,0.0,0.0,0.0,0.0
20230825,5000000.0,0.0,5000000.0,1.0,0.0,0.0,0.0,0.0,0,0.0,0.0,0.0,0.0
20230828,5000000.0,0.0,5000000.0,1.0,0.0,0.0,0.0,0.0,0,0.0,0.0,0.0,0.0
20230829,5000000.0,0.0,5000000.0,1.0,0.0,0.0,0.0,0.0,0,0.0,0.0,0.0,0.0
20230830,5000000.0,0.0,5000000.0,1.0,0.0,0.0,0.0,0.0,0,0.0,0.0,0.0,0.0
20230831,5000000.0,0.0,5000000.0,1.0,0.0,0.0,0.0,0.0,0,0.0,0.0,0.0,0.0
20230901,5000000.0,0.0,5000000.0,1.0,0.0,0.0,0.0,0.0,0,0.0,0.0,0.0,0.0
20230904,5000000.0,0.0,5000000.0,1.0,0.0,0.0,0.0,0.0,0,0.0,0.0,0.0,0.0
20230905,5000000.0,0.0,5000000.0,1.0,0.0,0.0,0.0,0.0,0,0.0,0.0,0.0,0.0
20230906,5000000.0,0.0,5000000.0,1.0,0.0,0.0,0.0,0.0,0,0.0,0.0,0.0,0.0
20230907,5000000.0,0.0,5000000.0,1.0,0.0,0.0,0.0,0.0,0,0.0,0.0,0.0,0.0
20230908,5000000.0,0.0,5000000.0,1.0,0.0,0.0,0.0,0.0,0,0.0,0.0,0.0,0.0
20230911,5000000.0,0.0,5000000.0,1.0,0.0,0.0,0.0,0.0,0,0.0,0.0,0.0,0.0
20230912,5000000.0,0.0,5000000.0,1.0,0.0,0.0,0.0,0.0,0,0.0,0.0,0.0,0.0
20230913,5000000.0,0.0,5000000.0,1.0,0.0,0.0,0.0,0.0,0,0.0,0.0,0.0,0.0
20230914,5000000.0,0.0,5000000.0,1.0,0.0,0.0,0.0,0.0,0,0.0,0.0,0.0,0.0
20230915,5000000.0,0.0,5000000.0,1.0,0.0,0.0,0.0,0.0,0,0.0,0.0,0.0,0.0
20230918,5000000.0,0.0,5000000.0,1.0,0.0,0.0,0.0,0.0,0,0.0,0.0,0.0,0.0
20230919,5000000.0,0.0,5000000.0,1.0,0.0,0.0,0.0,0.0,0,0.0,0.0,0.0,0.0
20230920,5000000.0,0.0,5000000.0,1.0,0.0,0.0,0.0,0.0,0,0.0,0.0,0.0,0.0
20230921,5000000.0,0.0,5000000.0,1.0,0.0,0.0,0.0,0.0,0,0.0,0.0,0.0,0.0
20230922,5000000.0,0.0,5000000.0,1.0,0.0,0.0,0.0,0.0,0,0.0,0.0,0.0,0.0
20230925,5000000.0,0.0,5000000.0,1.0,0.0,0.0,0.0,0.0,0,0.0,0.0,0.0,0.0
20230926,5000000.0,0.0,5000000.0,1.0,0.0,0.0,0.0,0.0,0,0.0,0.0,0.0,0.0
20230927,5000000.0,0.0,5000000.0,1.0,0.0,0.0,0.0,0.0,0,0.0,0.0,0.0,0.0
20230928,5000000.0,0.0,5000000.0,1.0,0.0,0.0,0.0,0.0,0,0.0,0.0,0.0,0.0
20231009,5000000.0,0.0,5000000.0,1.0,0.0,0.0,0.0,0.0,0,0.0,0.0,0.0,0.0
20231010,5000000.0,0.0,5000000.0,1.0,0.0,0.0,0.0,0.0,0,0.0,0.0,0.0,0.0
20231011,5000000.0,0.0,5000000.0,1.0,0.0,0.0,0.0,0.0,0,0.0,0.0,0.0,0.0
20231012,5000000.0,0.0,5000000.0,1.0,0.0,0.0,0.0,0.0,0,0.0,0.0,0.0,0.0
20231013,5000000.0,0.0,5000000.0,1.0,0.0,0.0,0.0,0.0,0,0.0,0.0,0.0,0.0
20231016,5000000.0,0.0,5000000.0,1.0,0.0,0.0,0.0,0.0,0,0.0,0.0,0.0,0.0
20231017,5000000.0,0.0,5000000.0,1.0,0.0,0.0,0.0,0.0,0,0.0,0.0,0.0,0.0
20231018,5000000.0,0.0,5000000.0,1.0,0.0,0.0,0.0,0.0,0,0.0,0.0,0.0,0.0
20231019,5000000.0,0.0,5000000.0,1.0,0.0,0.0,0.0,0.0,0,0.0,0.0,0.0,0.0
20231020,5000000.0,0.0,5000000.0,1.0,0.0,0.0,0.0,0.0,0,0.0,0.0,0.0,0.0
20231023,5000000.0,0.0,5000000.0,1.0,0.0,0.0,0.0,0.0,0,0.0,0.0,0.0,0.0
20231024,5000000.0,0.0,5000000.0,1.0,0.0,0.0,0.0,0.0,0,0.0,0.0,0.0,0.0
20231025,5000000.0,0.0,5000000.0,1.0,0.0,0.0,0.0,0.0,0,0.0,0.0,0.0,0.0
20231026,5000000.0,0.0,5000000.0,1.0,0.0,0.0,0.0,0.0,0,0.0,0.0,0.0,0.0
20231027,5000000.0,0.0,5000000.0,1.0,0.0,0.0,0.0,0.0,0,0.0,0.0,0.0,0.0
20231030,5000000.0,0.0,5000000.0,1.0,0.0,0.0,0.0,0.0,0,0.0,0.0,0.0,0.0
20231031,5000000.0,0.0,5000000.0,1.0,0.0,0.0,0.0,0.0,0,0.0,0.0,0.0,0.0
20231101,5000000.0,0.0,5000000.0,1.0,0.0,0.0,0.0,0.0,0,0.0,0.0,0.0,0.0
20231102,5000000.0,0.0,5000000.0,1.0,0.0,0.0,0.0,0.0,0,0.0,0.0,0.0,0.0
20231103,5000000.0,0.0,5000000.0,1.0,0.0,0.0,0.0,0.0,0,0.0,0.0,0.0,0.0
20231106,5000000.0,0.0,5000000.0,1.0,0.0,0.0,0.0,0.0,0,0.0,0.0,0.0,0.0
20231107,5000000.0,0.0,5000000.0,1.0,0.0,0.0,0.0,0.0,0,0.0,0.0,0.0,0.0
20231108,5000000.0,0.0,5000000.0,1.0,0.0,0.0,0.0,0.0,0,0.0,0.0,0.0,0.0
20231109,5000000.0,0.0,5000000.0,1.0,0.0,0.0,0.0,0.0,0,0.0,0.0,0.0,0.0
20231110,5000000.0,0.0,5000000.0,1.0,0.0,0.0,0.0,0.0,0,0.0,0.0,0.0,0.0
20231113,5000000.0,0.0,5000000.0,1.0,0.0,0.0,0.0,0.0,0,0.0,0.0,0.0,0.0
20231114,5000000.0,0.0,5000000.0,1.0,0.0,0.0,0.0,0.0,0,0.0,0.0,0.0,0.0
20231115,5000000.0,0.0,5000000.0,1.0,0.0,0.0,0.0,0.0,0,0.0,0.0,0.0,0.0
20231116,5000000.0,0.0,5000000.0,1.0,0.0,0.0,0.0,0.0,0,0.0,0.0,0.0,0.0
20231117,5000000.0,0.0,5000000.0,1.0,0.0,0.0,0.0,0.0,0,0.0,0.0,0.0,0.0
20231120,5000000.0,0.0,5000000.0,1.0,0.0,0.0,0.0,0.0,0,0.0,0.0,0.0,0.0
20231121,5000000.0,0.0,5000000.0,1.0,0.0,0.0,0.0,0.0,0,0.0,0.0,0.0,0.0
20231122,5000000.0,0.0,5000000.0,1.0,0.0,0.0,0.0,0.0,0,0.0,0.0,0.0,0.0
20231123,5000000.0,0.0,5000000.0,1.0,0.0,0.0,0.0,0.0,0,0.0,0.0,0.0,0.0
20231124,5000000.0,0.0,5000000.0,1.0,0.0,0.0,0.0,0.0,0,0.0,0.0,0.0,0.0
20231127,5000000.0,0.0,5000000.0,1.0,0.0,0.0,0.0,0.0,0,0.0,0.0,0.0,0.0
20231128,5000000.0,0.0,5000000.0,1.0,0.0,0.0,0.0,0.0,0,0.0,0.0,0.0,0.0
20231129,5000000.0,0.0,5000000.0,1.0,0.0,0.0,0.0,0.0,0,0.0,0.0,0.0,0.0
20231130,5000000.0,0.0,5000000.0,1.0,0.0,0.0,0.0,0.0,0,0.0,0.0,0.0,0.0
20231201,5000000.0,0.0,5000000.0,1.0,0.0,0.0,0.0,0.0,0,0.0,0.0,0.0,0.0
20231204,5000000.0,0.0,5000000.0,1.0,0.0,0.0,0.0,0.0,0,0.0,0.0,0.0,0.0
20231205,5000000.0,0.0,5000000.0,1.0,0.0,0.0,0.0,0.0,0,0.0,0.0,0.0,0.0
20231206,5000000.0,0.0,5000000.0,1.0,0.0,0.0,0.0,0.0,0,0.0,0.0,0.0,0.0
20231207,5000000.0,0.0,5000000.0,1.0,0.0,0.0,0.0,0.0,0,0.0,0.0,0.0,0.0
20231208,5000000.0,0.0,5000000.0,1.0,0.0,0.0,0.0,0.0,0,0.0,0.0,0.0,0.0
20231211,5000000.0,0.0,5000000.0,1.0,0.0,0.0,0.0,0.0,0,0.0,0.0,0.0,0.0
20231212,5000000.0,0.0,5000000.0,1.0,0.0,0.0,0.0,0.0,0,0.0,0.0,0.0,0.0
20231213,5000000.0,0.0,5000000.0,1.0,0.0,0.0,0.0,0.0,0,0.0,0.0,0.0,0.0
20231214,5000000.0,0.0,5000000.0,1.0,0.0,0.0,0.0,0.0,0,0.0,0.0,0.0,0.0
20231215,5000000.0,0.0,5000000.0,1.0,0.0,0.0,0.0,0.0,0,0.0,0.0,0.0,0.0
20231218,5000000.0,0.0,5000000.0,1.0,0.0,0.0,0.0,0.0,0,0.0,0.0,0.0,0.0
20231219,5000000.0,0.0,5000000.0,1.0,0.0,0.0,0.0,0.0,0,0.0,0.0,0.0,0.0
20231220,5000000.0,0.0,5000000.0,1.0,0.0,0.0,0.0,0.0,0,0.0,0.0,0.0,0.0
20231221,5000000.0,0.0,5000000.0,1.0,0.0,0.0,0.0,0.0,0,0.0,0.0,0.0,0.0
20231222,5000000.0,0.0,5000000.0,1.0,0.0,0.0,0.0,0.0,0,0.0,0.0,0.0,0.0
20231225,5000000.0,0.0,5000000.0,1.0,0.0,0.0,0.0,0.0,0,0.0,0.0,0.0,0.0
20231226,5000000.0,0.0,5000000.0,1.0,0.0,0.0,0.0,0.0,0,0.0,0.0,0.0,0.0
20231227,5000000.0,0.0,5000000.0,1.0,0.0,0.0,0.0,0.0,0,0.0,0.0,0.0,0.0
20231228,5000000.0,0.0,5000000.0,1.0,0.0,0.0,0.0,0.0,0,0.0,0.0,0.0,0.0
20231229,5000000.0,0.0,5000000.0,1.0,0.0,0.0,0.0,0.0,0,0.0,0.0,0.0,0.0
20240102,5000000.0,0.0,5000000.0,1.0,0.0,0.0,0.0,0.0,0,0.0,0.0,0.0,0.0
20240103,5000000.0,0.0,5000000.0,1.0,0.0,0.0,0.0,0.0,0,0.0,0.0,0.0,0.0
20240104,5000000.0,0.0,5000000.0,1.0,0.0,0.0,0.0,0.0,0,0.0,0.0,0.0,0.0
20240105,5000000.0,0.0,5000000.0,1.0,0.0,0.0,0.0,0.0,0,0.0,0.0,0.0,0.0
20240108,5000000.0,0.0,5000000.0,1.0,0.0,0.0,0.0,0.0,0,0.0,0.0,0.0,0.0
20240109,5000000.0,0.0,5000000.0,1.0,0.0,0.0,0.0,0.0,0,0.0,0.0,0.0,0.0
20240110,5000000.0,0.0,5000000.0,1.0,0.0,0.0,0.0,0.0,0,0.0,0.0,0.0,0.0
20240111,5000000.0,0.0,5000000.0,1.0,0.0,0.0,0.0,0.0,0,0.0,0.0,0.0,0.0
20240112,5000000.0,0.0,5000000.0,1.0,0.0,0.0,0.0,0.0,0,0.0,0.0,0.0,0.0
20240115,5000000.0,0.0,5000000.0,1.0,0.0,0.0,0.0,0.0,0,0.0,0.0,0.0,0.0
20240116,5000000.0,0.0,5000000.0,1.0,0.0,0.0,0.0,0.0,0,0.0,0.0,0.0,0.0
20240117,5000000.0,0.0,5000000.0,1.0,0.0,0.0,0.0,0.0,0,0.0,0.0,0.0,0.0
20240118,5000000.0,0.0,5000000.0,1.0,0.0,0.0,0.0,0.0,0,0.0,0.0,0.0,0.0
20240119,5000000.0,0.0,5000000.0,1.0,0.0,0.0,0.0,0.0,0,0.0,0.0,0.0,0.0
20240122,5000000.0,0.0,5000000.0,1.0,0.0,0.0,0.0,0.0,0,0.0,0.0,0.0,0.0
20240123,5000000.0,0.0,5000000.0,1.0,0.0,0.0,0.0,0.0,0,0.0,0.0,0.0,0.0
20240124,5000000.0,0.0,5000000.0,1.0,0.0,0.0,0.0,0.0,0,0.0,0.0,0.0,0.0
20240125,5000000.0,0.0,5000000.0,1.0,0.0,0.0,0.0,0.0,0,0.0,0.0,0.0,0.0
20240126,5000000.0,0.0,5000000.0,1.0,0.0,0.0,0.0,0.0,0,0.0,0.0,0.0,0.0
20240129,5000000.0,0.0,5000000.0,1.0,0.0,0.0,0.0,0.0,0,0.0,0.0,0.0,0.0
20240130,5000000.0,0.0,5000000.0,1.0,0.0,0.0,0.0,0.0,0,0.0,0.0,0.0,0.0
20240131,5000000.0,0.0,5000000.0,1.0,0.0,0.0,0.0,0.0,0,0.0,0.0,0.0,0.0
20240201,5000000.0,0.0,5000000.0,1.0,0.0,0.0,0.0,0.0,0,0.0,0.0,0.0,0.0
20240202,5000000.0,0.0,5000000.0,1.0,0.0,0.0,0.0,0.0,0,0.0,0.0,0.0,0.0
20240205,5000000.0,0.0,5000000.0,1.0,0.0,0.0,0.0,0.0,0,0.0,0.0,0.0,0.0
20240206,5000000.0,0.0,5000000.0,1.0,0.0,0.0,0.0,0.0,0,0.0,0.0,0.0,0.0
20240207,5000000.0,0.0,5000000.0,1.0,0.0,0.0,0.0,0.0,0,0.0,0.0,0.0,0.0
20240208,5000000.0,0.0,5000000.0,1.0,0.0,0.0,0.0,0.0,0,0.0,0.0,0.0,0.0
20240219,5000000.0,0.0,5000000.0,1.0,0.0,0.0,0.0,0.0,0,0.0,0.0,0.0,0.0
20240220,5000000.0,0.0,5000000.0,1.0,0.0,0.0,0.0,0.0,0,0.0,0.0,0.0,0.0
20240221,5000000.0,0.0,5000000.0,1.0,0.0,0.0,0.0,0.0,0,0.0,0.0,0.0,0.0
20240222,5000000.0,0.0,5000000.0,1.0,0.0,0.0,0.0,0.0,0,0.0,0.0,0.0,0.0
20240223,5000000.0,0.0,5000000.0,1.0,0.0,0.0,0.0,0.0,0,0.0,0.0,0.0,0.0
20240226,5000000.0,0.0,5000000.0,1.0,0.0,0.0,0.0,0.0,0,0.0,0.0,0.0,0.0
20240227,5000000.0,0.0,5000000.0,1.0,0.0,0.0,0.0,0.0,0,0.0,0.0,0.0,0.0
20240228,5000000.0,0.0,5000000.0,1.0,0.0,0.0,0.0,0.0,0,0.0,0.0,0.0,0.0
20240229,5000000.0,0.0,5000000.0,1.0,0.0,0.0,0.0,0.0,0,0.0,0.0,0.0,0.0
20240301,5000000.0,0.0,5000000.0,1.0,0.0,0.0,0.0,0.0,0,0.0,0.0,0.0,0.0
20240304,5000000.0,0.0,5000000.0,1.0,0.0,0.0,0.0,0.0,0,0.0,0.0,0.0,0.0
20240305,5000000.0,0.0,5000000.0,1.0,0.0,0.0,0.0,0.0,0,0.0,0.0,0.0,0.0
20240306,5000000.0,0.0,5000000.0,1.0,0.0,0.0,0.0,0.0,0,0.0,0.0,0.0,0.0
20240307,5000000.0,0.0,5000000.0,1.0,0.0,0.0,0.0,0.0,0,0.0,0.0,0.0,0.0
20240308,5000000.0,0.0,5000000.0,1.0,0.0,0.0,0.0,0.0,0,0.0,0.0,0.0,0.0
20240311,5000000.0,0.0,5000000.0,1.0,0.0,0.0,0.0,0.0,0,0.0,0.0,0.0,0.0
20240312,5000000.0,0.0,5000000.0,1.0,0.0,0.0,0.0,0.0,0,0.0,0.0,0.0,0.0
20240313,5000000.0,0.0,5000000.0,1.0,0.0,0.0,0.0,0.0,0,0.0,0.0,0.0,0.0
20240314,5000000.0,0.0,5000000.0,1.0,0.0,0.0,0.0,0.0,0,0.0,0.0,0.0,0.0
20240315,5000000.0,0.0,5000000.0,1.0,0.0,0.0,0.0,0.0,0,0.0,0.0,0.0,0.0
20240318,5000000.0,0.0,5000000.0,1.0,0.0,0.0,0.0,0.0,0,0.0,0.0,0.0,0.0
20240319,5000000.0,0.0,5000000.0,1.0,0.0,0.0,0.0,0.0,0,0.0,0.0,0.0,0.0
20240320,5000000.0,0.0,5000000.0,1.0,0.0,0.0,0.0,0.0,0,0.0,0.0,0.0,0.0
20240321,5000000.0,0.0,5000000.0,1.0,0.0,0.0,0.0,0.0,0,0.0,0.0,0.0,0.0
20240322,5000000.0,0.0,5000000.0,1.0,0.0,0.0,0.0,0.0,0,0.0,0.0,0.0,0.0
20240325,5000000.0,0.0,5000000.0,1.0,0.0,0.0,0.0,0.0,0,0.0,0.0,0.0,0.0
20240326,5000000.0,0.0,5000000.0,1.0,0.0,0.0,0.0,0.0,0,0.0,0.0,0.0,0.0
20240327,5000000.0,0.0,5000000.0,1.0,0.0,0.0,0.0,0.0,0,0.0,0.0,0.0,0.0
20240328,5000000.0,0.0,5000000.0,1.0,0.0,0.0,0.0,0.0,0,0.0,0.0,0.0,0.0
20240329,5000000.0,0.0,5000000.0,1.0,0.0,0.0,0.0,0.0,0,0.0,0.0,0.0,0.0
20240401,5000000.0,0.0,5000000.0,1.0,0.0,0.0,0.0,0.0,0,0.0,0.0,0.0,0.0
20240402,5000000.0,0.0,5000000.0,1.0,0.0,0.0,0.0,0.0,0,0.0,0.0,0.0,0.0
20240403,5000000.0,0.0,5000000.0,1.0,0.0,0.0,0.0,0.0,0,0.0,0.0,0.0,0.0
20240408,5000000.0,0.0,5000000.0,1.0,0.0,0.0,0.0,0.0,0,0.0,0.0,0.0,0.0
20240409,5000000.0,0.0,5000000.0,1.0,0.0,0.0,0.0,0.0,0,0.0,0.0,0.0,0.0
20240410,5000000.0,0.0,5000000.0,1.0,0.0,0.0,0.0,0.0,0,0.0,0.0,0.0,0.0
20240411,5000000.0,0.0,5000000.0,1.0,0.0,0.0,0.0,0.0,0,0.0,0.0,0.0,0.0
20240412,5000000.0,0.0,5000000.0,1.0,0.0,0.0,0.0,0.0,0,0.0,0.0,0.0,0.0
20240415,5000000.0,0.0,5000000.0,1.0,0.0,0.0,0.0,0.0,0,0.0,0.0,0.0,0.0
20240416,5000000.0,0.0,5000000.0,1.0,0.0,0.0,0.0,0.0,0,0.0,0.0,0.0,0.0
20240417,5000000.0,0.0,5000000.0,1.0,0.0,0.0,0.0,0.0,0,0.0,0.0,0.0,0.0
20240418,5000000.0,0.0,5000000.0,1.0,0.0,0.0,0.0,0.0,0,0.0,0.0,0.0,0.0
20240419,5000000.0,0.0,5000000.0,1.0,0.0,0.0,0.0,0.0,0,0.0,0.0,0.0,0.0
20240422,5000000.0,0.0,5000000.0,1.0,0.0,0.0,0.0,0.0,0,0.0,0.0,0.0,0.0
20240423,5000000.0,0.0,5000000.0,1.0,0.0,0.0,0.0,0.0,0,0.0,0.0,0.0,0.0
20240424,5000000.0,0.0,5000000.0,1.0,0.0,0.0,0.0,0.0,0,0.0,0.0,0.0,0.0
20240425,5000000.0,0.0,5000000.0,1.0,0.0,0.0,0.0,0.0,0,0.0,0.0,0.0,0.0
20240426,5000000.0,0.0,5000000.0,1.0,0.0,0.0,0.0,0.0,0,0.0,0.0,0.0,0.0
20240429,5000000.0,0.0,5000000.0,1.0,0.0,0.0,0.0,0.0,0,0.0,0.0,0.0,0.0
20240430,5000000.0,0.0,5000000.0,1.0,0.0,0.0,0.0,0.0,0,0.0,0.0,0.0,0.0
20240506,5000000.0,0.0,5000000.0,1.0,0.0,0.0,0.0,0.0,0,0.0,0.0,0.0,0.0
20240507,5000000.0,0.0,5000000.0,1.0,0.0,0.0,0.0,0.0,0,0.0,0.0,0.0,0.0
20240508,5000000.0,0.0,5000000.0,1.0,0.0,0.0,0.0,0.0,0,0.0,0.0,0.0,0.0
20240509,5000000.0,0.0,5000000.0,1.0,0.0,0.0,0.0,0.0,0,0.0,0.0,0.0,0.0
20240510,5000000.0,0.0,5000000.0,1.0,0.0,0.0,0.0,0.0,0,0.0,0.0,0.0,0.0
20240513,5000000.0,0.0,5000000.0,1.0,0.0,0.0,0.0,0.0,0,0.0,0.0,0.0,0.0
20240514,5000000.0,0.0,5000000.0,1.0,0.0,0.0,0.0,0.0,0,0.0,0.0,0.0,0.0
20240515,5000000.0,0.0,5000000.0,1.0,0.0,0.0,0.0,0.0,0,0.0,0.0,0.0,0.0
20240516,5000000.0,0.0,5000000.0,1.0,0.0,0.0,0.0,0.0,0,0.0,0.0,0.0,0.0
20240517,4573840.7588,425435.99999999994,4999276.7588,0.99985535176,-723.2412000000477,0.0,0.0,0.0,0,-723.2412000000477,0.0,0.0,0.0
20240520,4573840.7588,428824.0,5002664.7588,1.00053295176,2664.7587999999523,0.0,0.0,0.0,0,2664.7588000000105,0.0,0.0,0.0
20240521,4573840.7588,421685.0,4995525.7588,0.99910515176,-4474.241200000048,0.0,0.0,0.0,0,-4474.2411999999895,0.0,0.0,0.0
20240522,4573840.7588,429307.99999999994,5003148.7588,1.00062975176,3148.7587999999523,0.0,0.0,0.0,0,3148.7587999999523,0.0,0.0,0.0
20240523,4573840.7588,414425.0,4988265.7588,0.99765315176,-11734.241200000048,0.0,0.0,0.0,0,-11734.24119999999,0.0,0.0,0.0
20240524,4573840.7588,408979.99999999994,4982820.7588,0.99656415176,-17179.241200000048,0.0,0.0,0.0,0,-17179.241200000048,0.0,0.0,0.0
20240527,4573840.7588,410190.0,4984030.7588,0.99680615176,-15969.241200000048,0.0,0.0,0.0,0,-15969.24119999999,0.0,0.0,0.0
20240528,4573840.7588,405834.0,4979674.7588,0.99593495176,-20325.241200000048,0.0,0.0,0.0,0,-20325.24119999999,0.0,0.0,0.0
20240529,4573840.7588,411642.00000000006,4985482.7588,0.99709655176,-14517.241200000048,0.0,0.0,0.0,0,-14517.241199999931,0.0,0.0,0.0
20240530,4573840.7588,412973.00000000006,4986813.7588,0.99736275176,-13186.241200000048,0.0,0.0,0.0,0,-13186.241199999931,0.0,0.0,0.0
20240531,4573840.7588,406923.00000000006,4980763.7588,0.99615275176,-19236.241200000048,0.0,0.0,0.0,0,-19236.24119999993,0.0,0.0,0.0
20240603,4573840.7588,403656.0,4977496.7588,0.99549935176,-22503.241200000048,0.0,0.0,0.0,0,-22503.24119999999,0.0,0.0,0.0
20240604,4573840.7588,405471.0,4979311.7588,0.99586235176,-20688.241200000048,0.0,0.0,0.0,0,-20688.24119999999,0.0,0.0,0.0
20240605,4573840.7588,399784.0,4973624.7588,0.99472495176,-26375.241200000048,0.0,0.0,0.0,0,-26375.24119999999,0.0,0.0,0.0
20240606,4573840.7588,399904.99999999994,4973745.7588,0.99474915176,-26254.241200000048,0.0,0.0,0.0,0,-26254.241200000048,0.0,0.0,0.0
20240607,4573840.7588,390104.0,4963944.7588,0.99278895176,-36055.24120000005,0.0,0.0,0.0,0,-36055.24119999999,0.0,0.0,0.0
20240611,4573840.7588,386474.0,4960314.7588,0.99206295176,-39685.24120000005,0.0,0.0,0.0,0,-39685.24119999999,0.0,0.0,0.0
20240612,4573840.7588,388047.0,4961887.7588,0.99237755176,-38112.24120000005,0.0,0.0,0.0,0,-38112.24119999999,0.0,0.0,0.0
20240613,4573840.7588,383328.0,4957168.7588,0.99143375176,-42831.24120000005,0.0,0.0,0.0,0,-42831.24119999999,0.0,0.0,0.0
20240614,4573840.7588,381755.0,4955595.7588,0.99111915176,-44404.24120000005,0.0,0.0,0.0,0,-44404.24119999999,0.0,0.0,0.0
20240617,4573840.7588,383086.0,4956926.7588,0.99138535176,-43073.24120000005,0.0,0.0,0.0,0,-43073.24119999999,0.0,0.0,0.0
20240618,4573840.7588,385385.0,4959225.7588,0.99184515176,-40774.24120000005,0.0,0.0,0.0,0,-40774.24119999999,0.0,0.0,0.0
20240619,4573840.7588,375221.0,4949061.7588,0.98981235176,-50938.24120000005,0.0,0.0,0.0,0,-50938.24119999999,0.0,0.0,0.0
20240620,4573840.7588,361548.0,4935388.7588,0.98707775176,-64611.24120000005,0.0,0.0,0.0,0,-64611.24119999999,0.0,0.0,0.0
20240621,4573840.7588,353925.0,4927765.7588,0.98555315176,-72234.24120000005,0.0,0.0,0.0,0,-72234.24119999999,0.0,0.0,0.0
20240624,4573840.7588,345576.0,4919416.7588,0.98388335176,-80583.24120000005,0.0,0.0,0.0,0,-80583.24119999999,0.0,0.0,0.0
20240625,4573840.7588,339647.0,4913487.7588,0.98269755176,-86512.24120000005,0.0,0.0,0.0,0,-86512.24119999999,0.0,0.0,0.0
20240626,4573840.7588,365420.0,4939260.7588,0.98785215176,-60739.24120000005,0.0,0.0,0.0,0,-60739.24119999999,0.0,0.0,0.0
20240627,4573840.7588,353804.0,4927644.7588,0.98552895176,-72355.24120000005,0.0,0.0,0.0,0,-72355.24119999999,0.0,0.0,0.0
20240628,4573840.7588,346665.0,4920505.7588,0.98410115176,-79494.24120000005,0.0,0.0,0.0,0,-79494.24119999999,0.0,0.0,0.0
20240701,4573840.7588,348843.0,4922683.7588,0.98453675176,-77316.24120000005,0.0,0.0,0.0,0,-77316.24119999999,0.0,0.0,0.0
20240702,4573840.7588,344971.0,4918811.7588,0.98376235176,-81188.24120000005,0.0,0.0,0.0,0,-81188.24119999999,0.0,0.0,0.0
20240703,4573840.7588,356587.0,4930427.7588,0.98608555176,-69572.24120000005,0.0,0.0,0.0,0,-69572.24119999999,0.0,0.0,0.0
20240704,4573840.7588,351021.0,4924861.7588,0.98497235176,-75138.24120000005,0.0,0.0,0.0,0,-75138.24119999999,0.0,0.0,0.0
20240705,4573840.7588,349811.0,4923651.7588,0.98473035176,-76348.24120000005,0.0,0.0,0.0,0,-76348.24119999999,0.0,0.0,0.0
20240708,4573840.7588,334081.0,4907921.7588,0.98158435176,-92078.24120000005,0.0,0.0,0.0,0,-92078.24119999999,0.0,0.0,0.0
20240709,4573840.7588,329483.0,4903323.7588,0.98066475176,-96676.24120000005,0.0,0.0,0.0,0,-96676.24119999999,0.0,0.0,0.0
20240710,4573840.7588,336622.0,4910462.7588,0.98209255176,-89537.24120000005,0.0,0.0,0.0,0,-89537.24119999999,0.0,0.0,0.0
20240711,4573840.7588,353199.0,4927039.7588,0.98540795176,-72960.24120000005,0.0,0.0,0.0,0,-72960.24119999999,0.0,0.0,0.0
20240712,4573840.7588,349327.0,4923167.7588,0.98463355176,-76832.24120000005,0.0,0.0,0.0,0,-76832.24119999999,0.0,0.0,0.0
20240715,4573840.7588,345818.0,4919658.7588,0.98393175176,-80341.24120000005,0.0,0.0,0.0,0,-80341.24119999999,0.0,0.0,0.0
20240716,4573840.7588,348480.0,4922320.7588,0.98446415176,-77679.24120000005,0.0,0.0,0.0,0,-77679.24119999999,0.0,0.0,0.0
20240717,4573840.7588,347391.0,4921231.7588,0.98424635176,-78768.24120000005,0.0,0.0,0.0,0,-78768.24119999999,0.0,0.0,0.0
20240718,4573840.7588,347512.0,4921352.7588,0.98427055176,-78647.24120000005,0.0,0.0,0.0,0,-78647.24119999999,0.0,0.0,0.0
20240719,4573840.7588,349932.0,4923772.7588,0.98475455176,-76227.24120000005,0.0,0.0,0.0,0,-76227.24119999999,0.0,0.0,0.0
20240722,4573840.7588,351142.0,4924982.7588,0.98499655176,-75017.24120000005,0.0,0.0,0.0,0,-75017.24119999999,0.0,0.0,0.0
20240723,4573840.7588,337832.0,4911672.7588,0.98233455176,-88327.24120000005,0.0,0.0,0.0,0,-88327.24119999999,0.0,0.0,0.0
20240724,4582552.7588,322586.0,4905138.7588,0.98102775176,-94861.24120000005,0.0,0.0,0.0,0,-94861.24119999999,8712.000000000002,0.0,0.0
20240725,4582552.7588,330209.0,4912761.7588,0.98255235176,-87238.24120000005,0.0,0.0,0.0,0,-87238.24119999999,8712.000000000002,0.0,0.0
20240726,4582552.7588,338800.0,4921352.7588,0.98427055176,-78647.24120000005,0.0,0.0,0.0,0,-78647.24119999999,8712.000000000002,0.0,0.0
20240729,4582552.7588,324885.0,4907437.7588,0.98148755176,-92562.24120000005,0.0,0.0,0.0,0,-92562.24119999999,8712.000000000002,0.0,0.0
20240730,4582552.7588,322707.0,4905259.7588,0.98105195176,-94740.24120000005,0.0,0.0,0.0,0,-94740.24119999999,8712.000000000002,0.0,0.0
20240731,4582552.7588,340373.0,4922925.7588,0.9845851517599999,-77074.24120000005,0.0,0.0,0.0,0,-77074.24119999999,8712.000000000002,0.0,0.0
20240801,4582552.7588,332750.0,4915302.7588,0.98306055176,-84697.24120000005,0.0,0.0,0.0,0,-84697.24119999999,8712.000000000002,0.0,0.0
20240802,4582552.7588,329362.0,4911914.7588,0.98238295176,-88085.24120000005,0.0,0.0,0.0,0,-88085.24119999999,8712.000000000002,0.0,0.0
20240805,4582552.7588,326700.0,4909252.7588,0.98185055176,-90747.24120000005,0.0,0.0,0.0,0,-90747.24119999999,8712.000000000002,0.0,0.0
20240806,4582552.7588,337348.0,4919900.7588,0.98398015176,-80099.24120000005,0.0,0.0,0.0,0,-80099.24119999999,8712.000000000002,0.0,0.0
20240807,4582552.7588,330330.0,4912882.7588,0.98257655176,-87117.24120000005,0.0,0.0,0.0,0,-87117.24119999999,8712.000000000002,0.0,0.0
20240808,4582552.7588,330451.0,4913003.7588,0.98260075176,-86996.24120000005,0.0,0.0,0.0,0,-86996.24119999999,8712.000000000002,0.0,0.0
20240809,4582552.7588,325490.0,4908042.7588,0.98160855176,-91957.24120000005,0.0,0.0,0.0,0,-91957.24119999999,8712.000000000002,0.0,0.0
20240812,4582552.7588,322102.0,4904654.7588,0.98093095176,-95345.24120000005,0.0,0.0,0.0,0,-95345.24119999999,8712.000000000002,0.0,0.0
20240813,4582552.7588,328636.0,4911188.7588,0.9822377517599999,-88811.24120000005,0.0,0.0,0.0,0,-88811.24119999999,8712.000000000002,0.0,0.0
20240814,4582552.7588,321739.0,4904291.7588,0.98085835176,-95708.24120000005,0.0,0.0,0.0,0,-95708.24119999999,8712.000000000002,0.0,0.0
20240815,4582552.7588,321497.0,4904049.7588,0.98080995176,-95950.24120000005,0.0,0.0,0.0,0,-95950.24119999999,8712.000000000002,0.0,0.0
20240816,4582552.7588,318835.0,4901387.7588,0.98027755176,-98612.24120000005,0.0,0.0,0.0,0,-98612.24119999999,8712.000000000002,0.0,0.0
20240819,4582552.7588,321134.0,4903686.7588,0.98073735176,-96313.24120000005,0.0,0.0,0.0,0,-96313.24119999999,8712.000000000002,0.0,0.0
20240820,4582552.7588,326337.0,4908889.7588,0.98177795176,-91110.24120000005,0.0,0.0,0.0,0,-91110.24119999999,8712.000000000002,0.0,0.0
20240821,4582552.7588,331540.0,4914092.7588,0.98281855176,-85907.24120000005,0.0,0.0,0.0,0,-85907.24119999999,8712.000000000002,0.0,0.0
20240822,4582552.7588,320650.0,4903202.7588,0.98064055176,-96797.24120000005,0.0,0.0,0.0,0,-96797.24119999999,8712.000000000002,0.0,0.0
20240823,4582552.7588,308792.0,4891344.7588,0.97826895176,-108655.24120000005,0.0,0.0,0.0,0,-108655.24119999999,8712.000000000002,0.0,0.0
20240826,4582552.7588,319319.0,4901871.7588,0.98037435176,-98128.24120000005,0.0,0.0,0.0,0,-98128.24119999999,8712.000000000002,0.0,0.0
20240827,4582552.7588,315084.0,4897636.7588,0.9795273517599999,-102363.24120000005,0.0,0.0,0.0,0,-102363.24119999999,8712.000000000002,0.0,0.0
20240828,4582552.7588,314237.0,4896789.7588,0.97935795176,-103210.24120000005,0.0,0.0,0.0,0,-103210.24119999999,8712.000000000002,0.0,0.0
20240829,4582552.7588,319319.0,4901871.7588,0.98037435176,-98128.24120000005,0.0,0.0,0.0,0,-98128.24119999999,8712.000000000002,0.0,0.0
20240830,4582552.7588,330693.0,4913245.7588,0.98264915176,-86754.24120000005,0.0,0.0,0.0,0,-86754.24119999999,8712.000000000002,0.0,0.0
20240902,4582552.7588,315810.0,4898362.7588,0.97967255176,-101637.24120000005,0.0,0.0,0.0,0,-101637.24119999999,8712.000000000002,0.0,0.0
20240903,4582552.7588,321860.0,4904412.7588,0.9808825517599999,-95587.24120000005,0.0,0.0,0.0,0,-95587.24119999999,8712.000000000002,0.0,0.0
20240904,4582552.7588,318835.0,4901387.7588,0.98027755176,-98612.24120000005,0.0,0.0,0.0,0,-98612.24119999999,8712.000000000002,0.0,0.0
20240905,4582552.7588,323070.0,4905622.7588,0.98112455176,-94377.24120000005,0.0,0.0,0.0,0,-94377.24119999999,8712.000000000002,0.0,0.0
20240906,4582552.7588,317262.0,4899814.7588,0.97996295176,-100185.24120000005,0.0,0.0,0.0,0,-100185.24119999999,8712.000000000002,0.0,0.0
20240909,4582552.7588,310970.0,4893522.7588,0.97870455176,-106477.24120000005,0.0,0.0,0.0,0,-106477.24119999999,8712.000000000002,0.0,0.0
20240910,4162692.2072,725399.0,4888091.2072,0.97761824144,-111908.79279999994,0.0,0.0,0.0,0,-111196.24119999999,8712.000000000002,-712.5516000000061,0.0
20240911,4162692.2072,754500.0,4917192.2072,0.98343844144,-82807.79279999994,0.0,0.0,0.0,0,-80583.24119999999,8712.000000000002,-2224.551600000006,0.0
20240912,4162692.2072,735522.0,4898214.2072,0.97964284144,-101785.79279999994,0.0,0.0,0.0,0,-90021.24119999999,8712.000000000002,-11764.551600000006,0.0
20240913,4162692.2072,702638.0,4865330.2072,0.97306604144,-134669.79279999994,0.0,0.0,0.0,0,-107929.24119999999,8712.000000000002,-26740.551600000006,0.0
20240918,4162692.2072,695024.0,4857716.2072,0.97154324144,-142283.79279999994,0.0,0.0,0.0,0,-110107.24119999999,8712.000000000002,-32176.551600000006,0.0
20240919,4162692.2072,710936.0,4873628.2072,0.9747256414400001,-126371.79279999994,0.0,0.0,0.0,0,-105751.24119999999,8712.000000000002,-20620.551600000006,0.0
20240920,4162692.2072,705437.0,4868129.2072,0.97362584144,-131870.79279999994,0.0,0.0,0.0,0,-109018.24119999999,8712.000000000002,-22852.551600000006,0.0
20240923,4162692.2072,713762.0,4876454.2072,0.97529084144,-123545.79279999994,0.0,0.0,0.0,0,-107929.24119999999,8712.000000000002,-15616.551600000006,0.0
20240924,4162692.2072,766167.0,4928859.2072,0.98577184144,-71140.79279999994,0.0,0.0,0.0,0,-84576.24119999999,8712.000000000002,13435.448399999994,0.0
20240925,4162692.2072,772431.0,4935123.2072,0.98702464144,-64876.79279999994,0.0,0.0,0.0,0,-84576.24119999999,8712.000000000002,19699.448399999994,0.0
20240926,4162692.2072,828729.0,4991421.2072,0.99828424144,-8578.792799999937,0.0,0.0,0.0,0,-72234.24119999999,8712.000000000002,63655.448399999994,0.0
20240927,4162692.2072,911078.0,5073770.2072,1.01475404144,73770.20720000006,0.0,0.0,0.0,0,-38233.24119999999,8712.000000000002,112003.4484,0.0
20240930,4162692.2072,1002123.0,5164815.2072,1.03296304144,164815.20720000006,0.0,0.0,0.0,0,-360.24119999998766,8712.000000000002,165175.4484,0.0
20241008,4162692.2072,1049412.0,5212104.2072,1.04242084144,212104.20720000006,0.0,0.0,0.0,0,41384.75880000001,8712.000000000002,170719.4484,0.0
20241009,4162692.2072,944621.0,5107313.2072,1.02146264144,107313.20720000006,0.0,0.0,0.0,0,-4474.241199999929,8712.000000000002,111787.4484,0.0
20241010,4162692.2072,952962.0,5115654.2072,1.02313084144,115654.20720000006,0.0,0.0,0.0,0,-11613.241199999988,8712.000000000002,127267.4484,0.0
20241011,4162692.2072,921100.0,5083792.2072,1.01675844144,83792.20720000006,0.0,0.0,0.0,0,-35087.24119999999,8712.000000000002,118879.4484,0.0
20241014,4162692.2072,925852.0,5088544.2072,1.01770884144,88544.20720000006,0.0,0.0,0.0,0,-30731.24119999999,8712.000000000002,119275.4484,0.0
20241015,4162692.2072,891685.0,5054377.2072,1.01087544144,54377.20720000006,0.0,0.0,0.0,0,-44162.24119999999,8712.000000000002,98539.4484,0.0
20241016,4162692.2072,876449.0,5039141.2072,1.00782824144,39141.20720000006,0.0,0.0,0.0,0,-50938.24119999999,8712.000000000002,90079.4484,0.0
20241017,4162692.2072,859136.0,5021828.2072,1.00436564144,21828.207200000063,0.0,0.0,0.0,0,-54931.24119999999,8712.000000000002,76759.44839999994,0.0
20241018,4162692.2072,889416.0,5052108.2072,1.01042164144,52108.20720000006,0.0,0.0,0.0,0,-42831.24119999999,8712.000000000002,94939.4484,0.0
20241021,4162692.2072,897438.0,5060130.2072,1.01202604144,60130.20720000006,0.0,0.0,0.0,0,-34845.24119999999,8712.000000000002,94975.44839999994,0.0
20241022,4162692.2072,916471.0,5079163.2072,1.01583264144,79163.20720000006,0.0,0.0,0.0,0,-24560.24119999999,8712.000000000002,103723.4484,0.0
20241023,4162692.2072,935823.0,5098515.2072,1.01970304144,98515.20720000006,0.0,0.0,0.0,0,-16332.241199999988,8712.000000000002,114847.4484,0.0
20241024,4162692.2072,914093.0,5076785.2072,1.01535704144,76785.20720000006,0.0,0.0,0.0,0,-30610.24119999999,8712.000000000002,107395.4484,0.0
20241025,4162692.2072,943386.0,5106078.2072,1.02121564144,106078.20720000006,0.0,0.0,0.0,0,-7257.241199999988,8712.000000000002,113335.4484,0.0
20241028,4162692.2072,968838.0,5131530.2072,1.02630604144,131530.20720000006,0.0,0.0,0.0,0,-2901.2411999999877,8712.000000000002,134431.4484,0.0
20241029,4162692.2072,945931.0,5108623.2072,1.02172464144,108623.20720000006,0.0,0.0,0.0,0,-14396.241199999988,8712.000000000002,123019.4484,0.0
20241030,4162692.2072,929293.0,5091985.2072,1.01839704144,91985.20720000006,0.0,0.0,0.0,0,-23834.24119999999,8712.000000000002,115819.4484,0.0
20241031,4162692.2072,939746.0,5102438.2072,1.02048764144,102438.20720000006,0.0,0.0,0.0,0,-6289.241200000046,8712.000000000002,108727.4484,0.0
20241101,4162692.2072,945364.0,5108056.2072,1.02161124144,108056.20720000006,0.0,0.0,0.0,0,-4595.241200000046,8712.000000000002,112651.4484,0.0
20241104,4162692.2072,953741.0,5116433.2072,1.02328664144,116433.20720000006,0.0,0.0,0.0,0,1333.7588000000123,8712.000000000002,115099.4484,0.0
20241105,4162692.2072,986527.0,5149219.2072,1.02984384144,149219.20720000006,0.0,0.0,0.0,0,18999.75880000001,8712.000000000002,130219.4484,0.0
20241106,4162692.2072,980705.0,5143397.2072,1.02867944144,143397.20720000006,0.0,0.0,0.0,0,18757.758799999952,8712.000000000002,124639.4484,0.0
20241107,4162692.2072,1021237.0,5183929.2072,1.03678584144,183929.20720000006,0.0,0.0,0.0,0,19725.75880000007,8712.000000000002,164203.4484,0.0
20241108,4162692.2072,998892.0,5161584.2072,1.03231684144,161584.20720000006,0.0,0.0,0.0,0,18152.75880000001,8712.000000000002,143431.4484,0.0
20241111,4162692.2072,1036512.0,5199204.2072,1.03984084144,199204.20720000006,0.0,0.0,0.0,0,61712.75880000001,8712.000000000002,137491.4484,0.0
20241112,4162692.2072,1063075.0,5225767.2072,1.04515344144,225767.20720000006,0.0,0.0,0.0,0,90147.75880000007,8712.000000000002,135619.4484,0.0
20241113,4162692.2072,1092392.0,5255084.2072,1.05101684144,255084.20720000006,0.0,0.0,0.0,0,120760.75880000001,8712.000000000002,134323.4484,0.0
20241114,4162692.2072,1056045.0,5218737.2072,1.04374744144,218737.20720000006,0.0,0.0,0.0,0,86033.75880000001,8712.000000000002,132703.4484,0.0
20241115,4162692.2072,1015697.0,5178389.2072,1.03567784144,178389.20720000006,0.0,0.0,0.0,0,53605.75880000001,8712.000000000002,124783.4484,0.0
20241118,4162692.2072,995331.0,5158023.2072,1.03160464144,158023.20720000006,0.0,0.0,0.0,0,40295.75880000001,8712.000000000002,117727.4484,0.0
20241119,4162692.2072,1037901.0,5200593.2072,1.04011864144,200593.20720000006,0.0,0.0,0.0,0,86033.75880000001,8712.000000000002,114559.4484,0.0
20241120,4162692.2072,1063216.0,5225908.2072,1.04518164144,225908.20720000006,0.0,0.0,0.0,0,107208.75880000001,8712.000000000002,118699.4484,0.0
20241121,4162692.2072,1055959.0,5218651.2072,1.04373024144,218651.20720000006,0.0,0.0,0.0,0,100311.75880000001,8712.000000000002,118339.4484,0.0
20241122,4162692.2072,1018672.0,5181364.2072,1.03627284144,181364.20720000006,0.0,0.0,0.0,0,79620.75880000001,8712.000000000002,101743.44839999994,0.0
20241125,4162692.2072,1033987.0,5196679.2072,1.03933584144,196679.20720000006,0.0,0.0,0.0,0,98859.75880000001,8712.000000000002,97819.44840000005,0.0
20241126,4162692.2072,1005885.0,5168577.2072,1.03371544144,168577.20720000006,0.0,0.0,0.0,0,67157.75879999995,8712.000000000002,101419.44840000005,0.0
20241127,4162692.2072,1027174.0,5189866.2072,1.03797324144,189866.20720000006,0.0,0.0,0.0,0,80346.75880000001,8712.000000000002,109519.4484,0.0
20241128,4162692.2072,1014379.0,5177071.2072,1.03541424144,177071.20720000006,0.0,0.0,0.0,0,78531.75880000001,8712.000000000002,98539.4484,0.0
20241129,4162692.2072,1037177.0,5199869.2072,1.03997384144,199869.20720000006,0.0,0.0,0.0,0,91357.75879999995,8712.000000000002,108511.4484,0.0
20241202,4162692.2072,1039687.0,5202379.2072,1.04047584144,202379.20720000006,0.0,0.0,0.0,0,91599.75880000001,8712.000000000002,110779.4484,0.0
20241203,4162692.2072,1030225.0,5192917.2072,1.03858344144,192917.20720000006,0.0,0.0,0.0,0,83613.75879999995,8712.000000000002,109303.4484,0.0
20241204,4162692.2072,1009717.0,5172409.2072,1.03448184144,172409.20720000006,0.0,0.0,0.0,0,67641.75880000007,8712.000000000002,104767.4484,0.0
20241205,4162692.2072,1004535.0,5167227.2072,1.03344544144,167227.20720000006,0.0,0.0,0.0,0,64979.75879999995,8712.000000000002,102247.4484,0.0
20241206,4162692.2072,1014693.0,5177385.2072,1.03547704144,177385.20720000006,0.0,0.0,0.0,0,70061.75880000001,8712.000000000002,107323.4484,0.0
20241209,4162692.2072,1003049.0,5165741.2072,1.03314824144,165741.20720000006,0.0,0.0,0.0,0,60865.75880000001,8712.000000000002,104875.4484,0.0
20241210,4162692.2072,1008055.0,5170747.2072,1.03414944144,170747.20720000006,0.0,0.0,0.0,0,53847.75880000007,8712.000000000002,116899.4484,0.0
20241211,4162692.2072,1007804.0,5170496.2072,1.03409924144,170496.20720000006,0.0,0.0,0.0,0,52516.75880000007,8712.000000000002,117979.4484,0.0
20241212,4162692.2072,1025954.0,5188646.2072,1.0377292414400001,188646.20720000006,0.0,0.0,0.0,0,61954.75879999995,8712.000000000002,126691.4484,0.0
20241213,4162692.2072,995406.0,5158098.2072,1.03161964144,158098.20720000006,0.0,0.0,0.0,0,45014.75880000001,8712.000000000002,113083.4484,0.0
20241216,4162692.2072,971612.0,5134304.2072,1.02686084144,134304.20720000006,0.0,0.0,0.0,0,33640.75880000001,8712.000000000002,100663.4484,0.0
20241217,4162692.2072,969061.9999999999,5131754.2072,1.02635084144,131754.20720000006,0.0,0.0,0.0,0,30010.758799999952,8712.000000000002,101743.44839999994,0.0
20241218,4162692.2072,966548.0,5129240.2072,1.02584804144,129240.20720000006,0.0,0.0,0.0,0,26380.75880000001,8712.000000000002,102859.44839999994,0.0
20241219,4162692.2072,957583.0,5120275.2072,1.02405504144,120275.20720000006,0.0,0.0,0.0,0,23355.75880000001,8712.000000000002,96919.44840000005,0.0
20241220,4162692.2072,964466.0,5127158.2072,1.02543164144,127158.20720000006,0.0,0.0,0.0,0,31462.75880000001,8712.000000000002,95695.4484,0.0
20241223,4162692.2072,954470.0,5117162.2072,1.02343244144,117162.20720000006,0.0,0.0,0.0,0,24202.75880000001,8712.000000000002,92959.44839999994,0.0
20241224,4162692.2072,967010.9999999999,5129703.2072,1.02594064144,129703.20720000006,0.0,0.0,0.0,0,33035.75879999995,8712.000000000002,96667.44839999994,0.0
20241225,4162692.2072,952745.0,5115437.2072,1.02308744144,115437.20720000006,0.0,0.0,0.0,0,20209.75880000001,8712.000000000002,95227.44840000005,0.0
20241226,4162692.2072,948806.0000000001,5111498.2072,1.02229964144,111498.20720000006,0.0,0.0,0.0,0,18394.75880000007,8712.000000000002,93103.44840000005,0.0
20241227,4162692.2072,948188.0,5110880.2072,1.02217604144,110880.20720000006,0.0,0.0,0.0,0,17668.75880000001,8712.000000000002,93211.44840000005,0.0
20241230,4162692.2072,948554.0,5111246.2072,1.02224924144,111246.20720000006,0.0,0.0,0.0,0,22750.75880000007,8712.000000000002,88495.4484,0.0
20241231,4162692.2072,927765.0,5090457.2072,1.01809144144,90457.20720000006,0.0,0.0,0.0,0,6173.758800000012,8712.000000000002,84283.4484,0.0
20250102,4162692.2072,905411.0,5068103.2072,1.01362064144,68103.20720000006,0.0,0.0,0.0,0,-5200.241199999988,8712.000000000002,73303.44840000005,0.0
20250103,4162692.2072,887345.0,5050037.2072,1.01000744144,50037.20720000006,0.0,0.0,0.0,0,-17542.241200000048,8712.000000000002,67579.4484,0.0
20250106,4162692.2072,880573.0,5043265.2072,1.0086530414400001,43265.20720000006,0.0,0.0,0.0,0,-7862.241199999988,8712.000000000002,51127.44840000005,0.0
20250107,4162692.2072,891535.0,5054227.2072,1.01084544144,54227.20720000006,0.0,0.0,0.0,0,3027.7588000000123,8712.000000000002,51199.448399999994,0.0
20250108,4162692.2072,878199.0,5040891.2072,1.00817824144,40891.20720000006,0.0,0.0,0.0,0,-6168.241199999988,8712.000000000002,47059.448399999936,0.0
20250109,4162692.2072,883061.0000000001,5045753.2072,1.00915064144,45753.20720000006,0.0,0.0,0.0,0,-4474.241199999929,8712.000000000002,50227.44840000005,0.0
20250110,4162692.2072,863954.0,5026646.2072,1.00532924144,26646.207200000063,0.0,0.0,0.0,0,-16453.24119999999,8712.000000000002,43099.448399999994,0.0
20250113,4162692.2072,880634.0,5043326.2072,1.00866524144,43326.20720000006,0.0,0.0,0.0,0,-1933.2411999999294,8712.000000000002,45259.448399999936,0.0
20250114,4162692.2072,902372.0,5065064.2072,1.01301284144,65064.20720000006,0.0,0.0,0.0,0,6052.758800000012,8712.000000000002,59011.44840000005,0.0
20250115,4162692.2072,899899.0,5062591.2072,1.01251824144,62591.20720000006,0.0,0.0,0.0,0,4479.758799999954,8712.000000000002,58111.44840000005,0.0
20250116,4162692.2072,897554.0,5060246.2072,1.01204924144,60246.20720000006,0.0,0.0,0.0,0,6778.758800000012,8712.000000000002,53467.448399999936,0.0
20250117,4162692.2072,906314.0,5069006.2072,1.01380124144,69006.20720000006,0.0,0.0,0.0,0,12586.758800000012,8712.000000000002,56419.44840000005,0.0
20250120,4162692.2072,912788.0,5075480.2072,1.01509604144,75480.20720000006,0.0,0.0,0.0,0,11860.758799999954,8712.000000000002,63619.44840000005,0.0
20250121,4162692.2072,899227.0,5061919.2072,1.01238384144,61919.20720000006,0.0,0.0,0.0,0,1575.7588000000706,8712.000000000002,60343.448399999936,0.0
20250122,4162692.2072,878119.0,5040811.2072,1.00816224144,40811.20720000006,0.0,0.0,0.0,0,-8588.241199999988,8712.000000000002,49399.448399999994,0.0
20250123,4171038.4472000003,869700.0,5040738.4472,1.00814768944,40738.447200000286,0.0,0.0,0.0,0,-10887.241199999988,8712.000000000002,51625.68839999999,8346.24
20250124,4171038.4472000003,866352.0,5037390.4472,1.00747808944,37390.447200000286,0.0,0.0,0.0,0,-10887.241199999988,8712.000000000002,48277.68839999999,8346.24
20250127,4171038.4472000003,858188.0,5029226.4472,1.00584528944,29226.447200000286,0.0,0.0,0.0,0,-17179.24119999999,8712.000000000002,46405.68839999999,8346.24
20250205,4171038.4472000003,849336.0,5020374.4472,1.00407488944,20374.447200000286,0.0,0.0,0.0,0,-18147.24119999999,8712.000000000002,38521.68839999999,8346.24
20250206,4171038.4472000003,872626.0,5043664.4472,1.00873288944,43664.447200000286,0.0,0.0,0.0,0,1938.7587999999541,8712.000000000002,41725.68839999999,8346.24
20250207,4171038.4472000003,884178.0,5055216.4472,1.01104328944,55216.447200000286,0.0,0.0,0.0,0,7262.758800000012,8712.000000000002,47953.68839999999,8346.24
20250210,4171038.4472000003,893256.0,5064294.4472,1.0128588894400001,64294.447200000286,0.0,0.0,0.0,0,16700.75880000007,8712.000000000002,47593.68839999999,8346.24
20250211,4171038.4472000003,871986.0,5043024.4472,1.0086048894400002,43024.447200000286,0.0,0.0,0.0,0,2.758800000012343,8712.000000000002,43021.68839999999,8346.24
20250212,4171038.4472000003,897982.0,5069020.4472,1.01380408944,69020.44720000029,0.0,0.0,0.0,0,20814.75880000001,8712.000000000002,48205.68839999999,8346.24
20250213,4171038.4472000003,905768.9999999999,5076807.4472,1.01536148944,76807.44720000029,0.0,0.0,0.0,0,14885.758799999954,8712.000000000002,61921.68839999993,8346.24
20250214,4171038.4472000003,908149.0,5079187.4472,1.01583748944,79187.44720000029,0.0,0.0,0.0,0,18273.75880000001,8712.000000000002,60913.68839999993,8346.24
20250217,4171038.4472000003,902041.0,5073079.4472,1.0146158894400001,73079.44720000029,0.0,0.0,0.0,0,11013.758799999954,8712.000000000002,62065.68840000005,8346.24
20250218,4171038.4472000003,896818.0,5067856.4472,1.01357128944,67856.44720000029,0.0,0.0,0.0,0,10650.75880000007,8712.000000000002,57205.68839999993,8346.24
20250219,4171038.4472000003,903845.0,5074883.4472,1.01497668944,74883.44720000029,0.0,0.0,0.0,0,14401.758800000012,8712.000000000002,60481.68840000005,8346.24
20250220,4171038.4472000003,897777.0,5068815.4472,1.01376308944,68815.44720000029,0.0,0.0,0.0,0,10529.758799999954,8712.000000000002,58285.68839999999,8346.24
20250221,4171038.4472000003,905333.0,5076371.4472,1.01527428944,76371.44720000029,0.0,0.0,0.0,0,15853.758800000012,8712.000000000002,60517.68839999999,8346.24
20250224,4171038.4472000003,904390.0,5075428.4472,1.01508568944,75428.44720000029,0.0,0.0,0.0,0,12102.758800000012,8712.000000000002,63325.68839999999,8346.24
20250225,4171038.4472000003,892929.0,5063967.4472,1.0127934894400001,63967.447200000286,0.0,0.0,0.0,0,11981.758800000012,8712.000000000002,51985.68839999999,8346.24
20250226,4171038.4472000003,901791.0,5072829.4472,1.01456588944,72829.44720000029,0.0,0.0,0.0,0,17063.758799999952,8712.000000000002,55765.68840000005,8346.24
20250227,4171038.4472000003,924269.0,5095307.4472,1.01906148944,95307.44720000029,0.0,0.0,0.0,0,28921.75880000001,8712.000000000002,66385.6884,8346.24
20250228,4171038.4472000003,913886.0000000001,5084924.4472,1.01698488944,84924.44720000029,0.0,0.0,0.0,0,22750.75880000007,8712.000000000002,62173.68840000005,8346.24
20250303,4171038.4472000003,938084.0,5109122.4472,1.0218244894400001,109122.44720000029,0.0,0.0,0.0,0,49612.75880000001,8712.000000000002,59509.68839999999,8346.24
20250304,4171038.4472000003,922181.0,5093219.4472,1.01864388944,93219.44720000029,0.0,0.0,0.0,0,37633.75880000001,8712.000000000002,55585.68839999999,8346.24
20250305,4171038.4472000003,909970.0,5081008.4472,1.01620168944,81008.44720000029,0.0,0.0,0.0,0,29526.75880000001,8712.000000000002,51481.68840000005,8346.24
20250306,4171038.4472000003,927798.0,5098836.4472,1.01976728944,98836.44720000029,0.0,0.0,0.0,0,36302.75880000001,8712.000000000002,62533.68839999999,8346.24
20250307,4171038.4472000003,931891.0,5102929.4472,1.02058588944,102929.44720000029,0.0,0.0,0.0,0,29163.758799999952,8712.000000000002,73765.68840000006,8346.24
20250310,4171038.4472000003,920665.0,5091703.4472,1.01834068944,91703.44720000029,0.0,0.0,0.0,0,25533.75880000001,8712.000000000002,66169.6884,8346.24
20250311,4171038.4472000003,928249.0,5099287.4472,1.01985748944,99287.44720000029,0.0,0.0,0.0,0,24081.75880000001,8712.000000000002,75205.68839999994,8346.24
20250312,4171038.4472000003,916712.0,5087750.4472,1.01755008944,87750.44720000029,0.0,0.0,0.0,0,20572.75880000007,8712.000000000002,67177.6884,8346.24
20250313,4171038.4472000003,913414.0,5084452.4472,1.0168904894400002,84452.44720000029,0.0,0.0,0.0,0,19362.75880000001,8712.000000000002,65089.68839999993,8346.24
20250314,4171038.4472000003,951313.0,5122351.4472,1.02447028944,122351.44720000029,0.0,0.0,0.0,0,26985.758799999952,8712.000000000002,95365.68840000006,8346.24
20250317,4171038.4472000003,952939.0,5123977.4472,1.02479548944,123977.44720000029,0.0,0.0,0.0,0,32067.75880000001,8712.000000000002,91909.6884,8346.24
20250318,4171038.4472000003,949112.0,5120150.4472,1.02403008944,120150.44720000029,0.0,0.0,0.0,0,29284.75880000001,8712.000000000002,90865.68840000006,8346.24
20250319,4171038.4472000003,940672.9999999999,5111711.4472,1.02234228944,111711.44720000029,0.0,0.0,0.0,0,23113.758799999952,8712.000000000002,88597.68839999994,8346.24
20250320,4171038.4472000003,922623.0,5093661.4472,1.0187322894400002,93661.44720000029,0.0,0.0,0.0,0,15611.758800000012,8712.000000000002,78049.68840000006,8346.24
20250321,4171038.4472000003,905035.0,5076073.4472,1.01521468944,76073.44720000029,0.0,0.0,0.0,0,3027.7588000000123,8712.000000000002,73045.6884,8346.24
20250324,4171038.4472000003,904596.0,5075634.4472,1.01512688944,75634.44720000029,0.0,0.0,0.0,0,3632.758799999954,8712.000000000002,72001.6884,8346.24
20250325,4171038.4472000003,903106.0,5074144.4472,1.0148288894400002,74144.44720000029,0.0,0.0,0.0,0,4842.758800000012,8712.000000000002,69301.6884,8346.24
20250326,4171038.4472000003,901866.0,5072904.4472,1.0145808894400001,72904.44720000029,0.0,0.0,0.0,0,4358.758800000012,8712.000000000002,68545.6884,8346.24
20250327,4171038.4472000003,900216.0,5071254.4472,1.01425088944,71254.44720000029,0.0,0.0,0.0,0,728.7588000000123,8712.000000000002,70525.6884,8346.24
20250328,4171038.4472000003,890060.0,5061098.4472,1.01221968944,61098.447200000286,0.0,0.0,0.0,0,-7015.241199999988,8712.000000000002,68113.68839999994,8346.24
20250331,4171038.4472000003,882203.0,5053241.4472,1.01064828944,53241.447200000286,0.0,0.0,0.0,0,-8104.241199999988,8712.000000000002,61345.68839999999,8346.24
20250401,4171038.4472000003,885844.0,5056882.4472,1.0113764894400001,56882.447200000286,0.0,0.0,0.0,0,-6047.241199999988,8712.000000000002,62929.68839999999,8346.24
20250402,4171038.4472000003,882814.0,5053852.4472,1.01077048944,53852.447200000286,0.0,0.0,0.0,0,-6773.241199999988,8712.000000000002,60625.68839999999,8346.24
20250403,4171038.4472000003,882970.0,5054008.4472,1.01080168944,54008.447200000286,0.0,0.0,0.0,0,-9677.24119999993,8712.000000000002,63685.68839999999,8346.24
20250407,4171038.4472000003,823401.0,4994439.4472,0.9988878894400001,-5560.552799999714,0.0,0.0,0.0,0,-50454.24119999999,8712.000000000002,44893.68839999999,8346.24
20250408,4171038.4472000003,827686.0,4998724.4472,0.9997448894400001,-1275.552799999714,0.0,0.0,0.0,0,-60497.24119999999,8712.000000000002,59221.68839999993,8346.24
20250409,4171038.4472000003,838011.0,5009049.4472,1.00180988944,9049.447200000286,0.0,0.0,0.0,0,-55536.24119999999,8712.000000000002,64585.68839999999,8346.24
20250410,4171038.4472000003,852262.0,5023300.4472,1.00466008944,23300.447200000286,0.0,0.0,0.0,0,-44525.24119999999,8712.000000000002,67825.6884,8346.24
20250411,4171038.4472000003,846440.0,5017478.4472,1.00349568944,17478.447200000286,0.0,0.0,0.0,0,-44767.24119999999,8712.000000000002,62245.68839999999,8346.24
20250414,4171038.4472000003,849264.0,5020302.4472,1.00406048944,20302.447200000286,0.0,0.0,0.0,0,-39927.24119999999,8712.000000000002,60229.68839999999,8346.24
20250415,4171038.4472000003,849170.0,5020208.4472,1.0040416894400002,20208.447200000286,0.0,0.0,0.0,0,-41137.24119999999,8712.000000000002,61345.68839999999,8346.24
20250416,4171038.4472000003,847387.0,5018425.4472,1.00368508944,18425.447200000286,0.0,0.0,0.0,0,-46340.24119999999,8712.000000000002,64765.68840000005,8346.24
20250417,4171038.4472000003,845432.0,5016470.4472,1.00329408944,16470.447200000286,0.0,0.0,0.0,0,-49123.24119999999,8712.000000000002,65593.6884,8346.24
20250418,4171038.4472000003,845407.0,5016445.4472,1.00328908944,16445.447200000286,0.0,0.0,0.0,0,-46340.24119999999,8712.000000000002,62785.68839999999,8346.24
20250421,4171038.4472000003,842993.0,5014031.4472,1.00280628944,14031.447200000286,0.0,0.0,0.0,0,-43678.24119999999,8712.000000000002,57709.68839999999,8346.24
20250422,4171038.4472000003,835837.0,5006875.4472,1.00137508944,6875.447200000286,0.0,0.0,0.0,0,-49970.24119999999,8712.000000000002,56845.68839999999,8346.24
20250423,4171038.4472000003,835006.0,5006044.4472,1.00120888944,6044.447200000286,0.0,0.0,0.0,0,-50333.24119999999,8712.000000000002,56377.68839999999,8346.24
20250424,4171038.4472000003,836449.0,5007487.4472,1.0014974894400002,7487.447200000286,0.0,0.0,0.0,0,-45614.24119999999,8712.000000000002,53101.68839999999,8346.24
20250425,4171038.4472000003,831331.0,5002369.4472,1.00047388944,2369.447200000286,0.0,0.0,0.0,0,-50696.24119999999,8712.000000000002,53065.68840000005,8346.24
20250428,4171038.4472000003,833697.0,5004735.4472,1.00094708944,4735.447200000286,0.0,0.0,0.0,0,-54810.24119999999,8712.000000000002,59545.68839999999,8346.24
20250429,4171038.4472000003,831558.0,5002596.4472,1.0005192894400001,2596.447200000286,0.0,0.0,0.0,0,-52269.24119999999,8712.000000000002,54865.68840000005,8346.24
20250430,4171038.4472000003,825715.0,4996753.4472,0.99935068944,-3246.552799999714,0.0,0.0,0.0,0,-55052.24119999999,8712.000000000002,51805.68839999993,8346.24
20250506,4171038.4472000003,837876.0,5008914.4472,1.00178288944,8914.447200000286,0.0,0.0,0.0,0,-45735.24119999999,8712.000000000002,54649.68840000005,8346.24
20250507,4171038.4472000003,838466.0,5009504.4472,1.00190088944,9504.447200000286,0.0,0.0,0.0,0,-46945.24119999999,8712.000000000002,56449.68840000005,8346.24
20250508,4171038.4472000003,849338.0,5020376.4472,1.00407528944,20376.447200000286,0.0,0.0,0.0,0,-42589.24119999999,8712.000000000002,62965.68840000005,8346.24
20250509,4171038.4472000003,844795.0,5015833.4472,1.00316668944,15833.447200000286,0.0,0.0,0.0,0,-46340.24119999999,8712.000000000002,62173.68840000005,8346.24
20250512,4171038.4472000003,860810.0,5031848.4472,1.00636968944,31848.447200000286,0.0,0.0,0.0,0,-35329.24119999999,8712.000000000002,67177.6884,8346.24
20250513,4171038.4472000003,862697.0,5033735.4472,1.0067470894400001,33735.447200000286,0.0,0.0,0.0,0,-33514.24119999999,8712.000000000002,67249.68840000006,8346.24
20250514,4171038.4472000003,875951.0,5046989.4472,1.00939788944,46989.447200000286,0.0,0.0,0.0,0,-28432.24119999999,8712.000000000002,75421.68839999994,8346.24
20250515,4171038.4472000003,858611.0,5029649.4472,1.00592988944,29649.447200000286,0.0,0.0,0.0,0,-40048.24119999999,8712.000000000002,69697.68839999994,8346.24
20250516,4171038.4472000003,846746.0,5017784.4472,1.00355688944,17784.447200000286,0.0,0.0,0.0,0,-42589.24119999999,8712.000000000002,60373.68840000005,8346.24
20250519,4171038.4472000003,839249.0,5010287.4472,1.00205748944,10287.447200000286,0.0,0.0,0.0,0,-43678.24119999999,8712.000000000002,53965.68840000005,8346.24
20250520,4171038.4472000003,840573.0,5011611.4472,1.0023222894400001,11611.447200000286,0.0,0.0,0.0,0,-41742.24119999999,8712.000000000002,53353.68839999999,8346.24
20250521,4171038.4472000003,846849.0,5017887.4472,1.00357748944,17887.447200000286,0.0,0.0,0.0,0,-35934.24119999999,8712.000000000002,53821.68839999993,8346.24
20250522,4171038.4472000003,844664.0,5015702.4472,1.00314048944,15702.447200000286,0.0,0.0,0.0,0,-37507.24119999999,8712.000000000002,53209.68839999999,8346.24
20250523,4171038.4472000003,841643.0,5012681.4472,1.00253628944,12681.447200000286,0.0,0.0,0.0,0,-37144.24119999999,8712.000000000002,49825.68839999999,8346.24
20250526,4171038.4472000003,825215.0,4996253.4472,0.9992506894400001,-3746.552799999714,0.0,0.0,0.0,0,-47308.24119999999,8712.000000000002,43561.68839999999,8346.24
20250527,4171038.4472000003,827703.0,4998741.4472,0.99974828944,-1258.552799999714,0.0,0.0,0.0,0,-43920.24119999999,8712.000000000002,42661.68839999999,8346.24
20250528,4171038.4472000003,821848.0,4992886.4472,0.99857728944,-7113.552799999714,0.0,0.0,0.0,0,-52511.24119999999,8712.000000000002,45397.68839999999,8346.24
20250529,4171038.4472000003,828612.0,4999650.4472,0.9999300894400001,-349.5527999997139,0.0,0.0,0.0,0,-47187.24119999999,8712.000000000002,46837.68839999999,8346.24
20250530,4171038.4472000003,820362.0,4991400.4472,0.99828008944,-8599.552799999714,0.0,0.0,0.0,0,-52269.24119999999,8712.000000000002,43669.68839999999,8346.24
20250603,4171038.4472000003,813421.0,4984459.4472,0.9968918894400001,-15540.552799999714,0.0,0.0,0.0,0,-52874.24119999999,8712.000000000002,37333.68839999999,8346.24
20250604,4171038.4472000003,826142.0,4997180.4472,0.9994360894400001,-2819.552799999714,0.0,0.0,0.0,0,-39685.24119999999,8712.000000000002,36865.68839999999,8346.24
20250605,4171038.4472000003,828112.0,4999150.4472,0.9998300894400001,-849.5527999997139,0.0,0.0,0.0,0,-39443.24119999999,8712.000000000002,38593.68839999999,8346.24
20250606,4171038.4472000003,827723.0,4998761.4472,0.99975228944,-1238.552799999714,0.0,0.0,0.0,0,-40048.24119999999,8712.000000000002,38809.68839999999,8346.24
20250609,4171038.4472000003,830038.0,5001076.4472,1.00021528944,1076.447200000286,0.0,0.0,0.0,0,-37265.24119999999,8712.000000000002,38341.68839999999,8346.24
20250610,4171038.4472000003,824719.0,4995757.4472,0.9991514894400001,-4242.552799999714,0.0,0.0,0.0,0,-40532.24119999999,8712.000000000002,36289.68839999999,8346.24
20250611,4171038.4472000003,834668.0,5005706.4472,1.00114128944,5706.447200000286,0.0,0.0,0.0,0,-31699.24119999999,8712.000000000002,37405.68839999999,8346.24
20250612,4171038.4472000003,826990.0,4998028.4472,0.9996056894400001,-1971.552799999714,0.0,0.0,0.0,0,-31457.24119999999,8712.000000000002,29485.68839999999,8346.24
20250613,4171038.4472000003,809014.0,4980052.4472,0.99601048944,-19947.552799999714,0.0,0.0,0.0,0,-37265.24119999999,8712.000000000002,17317.68839999999,8346.24
20250616,4171038.4472000003,802687.0,4973725.4472,0.9947450894400001,-26274.552799999714,0.0,0.0,0.0,0,-40532.24119999999,8712.000000000002,14257.688399999994,8346.24
20250617,4171038.4472000003,802123.0,4973161.4472,0.99463228944,-26838.552799999714,0.0,0.0,0.0,0,-39080.24119999999,8712.000000000002,12241.688399999994,8346.24
20250618,4171038.4472000003,802782.0,4973820.4472,0.99476408944,-26179.552799999714,0.0,0.0,0.0,0,-40653.24119999999,8712.000000000002,14473.688399999994,8346.24
20250619,4171038.4472000003,798760.0,4969798.4472,0.99395968944,-30201.552799999714,0.0,0.0,0.0,0,-40895.24119999999,8712.000000000002,10693.688399999994,8346.24
20250620,4171038.4472000003,800676.0,4971714.4472,0.99434288944,-28285.552799999714,0.0,0.0,0.0,0,-47187.24119999999,8712.000000000002,18901.68839999999,8346.24
20250623,4171038.4472000003,807200.0,4978238.4472,0.99564768944,-21761.552799999714,0.0,0.0,0.0,0,-36055.24119999999,8712.000000000002,14293.688399999994,8346.24
20250624,4171038.4472000003,826770.0,4997808.4472,0.99956168944,-2191.552799999714,0.0,0.0,0.0,0,-21777.24119999993,8712.000000000002,19585.68839999999,8346.24
20250625,4171038.4472000003,831585.0,5002623.4472,1.00052468944,2623.447200000286,0.0,0.0,0.0,0,-18510.24119999999,8712.000000000002,21133.68839999999,8346.24
20250626,4171038.4472000003,836378.0,5007416.4472,1.00148328944,7416.447200000286,0.0,0.0,0.0,0,-12097.241199999988,8712.000000000002,19513.68839999999,8346.24
